id,timestamp,algorithm,application,execution_time (s),cpu_usage (%),memory_usage,power_usage (%),timeout (s),packets_sent,packets_received,packets_failed,packet_loss_rate (%),latency_per_test,avg_throughput_kbps,packet_count_requested,power_recorded,memory_recorded,successful_packets (%),cpu_efficiency,throughput_efficiency_kbps,latency_to_throughput_ratio,optimal_algorithm
1160,30/03/2025 21:51,Kyber512,Video Streaming,5.478742689,12,0.03125,11.2,10,20,20,0,0,2.720521,2.737854441,20,FALSE,TRUE,100,0.244451289,0.499723129,0.993668969,
1161,30/03/2025 21:52,Kyber512,Video Streaming,8.058522443,8.6,0,12,10,20,20,0,0,2.799356087,3.722766824,20,TRUE,FALSE,100,0.310230569,0.461966428,0.751955795,
1162,30/03/2025 21:52,Kyber512,Video Streaming,11.14727467,3.4,0.046875,10.3,10,14,14,0,0,2.799356087,3.633175032,20,TRUE,TRUE,70,0.35273544,0.325924958,0.770498548,
1163,30/03/2025 21:52,Kyber512,Video Streaming,7.711928211,9.6,0,8,30,20,20,0,0,5.795313,7.196643755,20,TRUE,FALSE,100,0.899580469,0.933183448,0.805279961,
1164,30/03/2025 21:52,Kyber512,Video Streaming,4.599263982,13.3,0,8.4,30,20,20,0,0,2.181301999,15.32853958,20,TRUE,FALSE,100,1.82482614,3.332824478,0.142303315,
1165,30/03/2025 21:52,Kyber512,Video Streaming,9.909617553,5.1,0,9.38,30,20,20,0,0,2.548073,8.627981811,20,TRUE,FALSE,100,0.919827485,0.870667487,0.295326654,
1166,30/03/2025 21:53,Kyber512,Video Streaming,14.68945381,3.8,0,8.666666667,60,20,20,0,0,2.067603999,6.841643078,20,TRUE,FALSE,100,0.789420355,0.46575204,0.302208691,
1167,30/03/2025 21:53,Kyber512,Video Streaming,16.18445115,2.9,0,7.971428571,60,20,20,0,0,2.139896,7.13647926,20,TRUE,FALSE,100,0.895257255,0.440946634,0.29985318,
1168,30/03/2025 21:53,Kyber512,Video Streaming,12.17947676,4.7,0,7.3375,60,20,20,0,0,2.799356087,10.71474601,20,TRUE,FALSE,100,1.460272029,0.879737793,0.261262011,
1169,30/03/2025 21:53,Kyber512,Video Streaming,11.2486859,14.9,0.30078125,7.044444444,10,47,47,0,0,3.065,14.73505452,50,TRUE,TRUE,94,2.091726982,1.309935636,0.208007374,
1170,30/03/2025 21:53,Kyber512,Video Streaming,11.18251349,2.3,0,7.83,10,10,10,0,0,2.211562,15.49293906,50,TRUE,FALSE,20,1.978663992,1.385461245,0.142746447,
1171,30/03/2025 21:54,Kyber512,Video Streaming,11.21480639,7,0,7.327272727,10,28,28,0,0,3.590728999,17.32085186,50,TRUE,FALSE,56,2.363887971,1.544462852,0.207306721,
1172,30/03/2025 21:54,Kyber512,Video Streaming,21.18110015,7.3,0.25,7.3,30,50,50,0,0,2.235104,10.94135802,50,TRUE,TRUE,100,1.498816167,0.51656231,0.204280309,
1173,30/03/2025 21:54,Kyber512,Video Streaming,19.93989004,6.7,0,7.3,30,50,50,0,0,2.20302,13.50308349,50,TRUE,FALSE,100,1.849737464,0.677189466,0.163149402,
1174,30/03/2025 21:55,Kyber512,Video Streaming,24.0519693,6.2,0,7.257142857,30,50,50,0,0,2.191770001,12.75363344,50,TRUE,FALSE,100,1.757390435,0.53025319,0.171854555,
1175,30/03/2025 21:55,Kyber512,Video Streaming,24.04793097,5.4,0,7.186666667,60,50,50,0,0,2.154739,14.31516085,50,TRUE,FALSE,100,1.991905499,0.595276195,0.150521466,
1176,30/03/2025 21:56,Kyber512,Video Streaming,29.18468121,4.7,0,7.075,60,50,50,0,0,1.910625,13.08049237,50,TRUE,FALSE,100,1.848832844,0.448197199,0.146066749,
1177,30/03/2025 21:56,Kyber512,Video Streaming,22.01252408,6.3,0.12890625,6.935294118,60,50,50,0,0,2.067656001,19.04597576,50,TRUE,TRUE,100,2.746239083,0.865233614,0.108561306,
1178,30/03/2025 21:56,Kyber512,Video Streaming,11.16512937,9.8,0,6.9,10,42,42,0,0,2.799356087,40.3712295,100,TRUE,FALSE,42,5.850902826,3.615831771,0.069340372,
1179,30/03/2025 21:57,Kyber512,Video Streaming,11.21441112,6,0,7.052631579,10,23,23,0,0,2.799356087,39.32440102,100,TRUE,FALSE,23,5.575847906,3.506595273,0.071186236,
1180,30/03/2025 21:57,Kyber512,Video Streaming,11.15314968,14.1,0.14453125,7,10,45,45,0,0,2.799356087,41.62501297,100,TRUE,TRUE,45,5.946430424,3.732130758,0.067251777,
1181,30/03/2025 21:57,Kyber512,Video Streaming,31.2131113,7,0,7.338095238,30,84,84,0,0,2.046562,15.33009623,100,TRUE,FALSE,84,2.089111102,0.491142843,0.133499619,
1182,30/03/2025 21:58,Kyber512,Video Streaming,31.22570303,5.2,0,7.322727273,30,62,62,0,0,2.799356087,15.87634391,100,TRUE,FALSE,62,2.168091657,0.508438317,0.176322465,
1183,30/03/2025 21:58,Kyber512,Video Streaming,31.17717067,7.7,0,7.230434783,30,0,0,0,0,2.799356087,16.33406717,100,TRUE,FALSE,0,2.259071226,0.523911145,0.171381448,
1184,30/03/2025 21:59,Kyber512,Video Streaming,50.93013856,5.1,0,7.25,60,100,100,0,0,2.858071,9.645565748,100,TRUE,FALSE,100,1.330422862,0.18938817,0.296309317,
1185,30/03/2025 22:00,Kyber512,Video Streaming,36.87022949,8.2,0.12890625,7.164,60,100,100,0,0,1.970832,14.07639733,100,TRUE,TRUE,100,1.964879583,0.3817822,0.140009688,
1186,30/03/2025 22:01,Kyber512,Video Streaming,35.17634365,7.7,0,7.203846154,60,100,100,0,0,2.799356087,15.41518941,100,TRUE,FALSE,100,2.139855444,0.438226029,0.181597255,
1187,30/03/2025 22:01,Kyber512,Video Streaming,11.20530843,3.6,0,7.222222222,10,16,16,0,0,2.799356087,47.85678177,200,TRUE,FALSE,8,6.62632363,4.270902677,0.058494449,
1188,30/03/2025 22:01,Kyber512,Video Streaming,11.23045946,3,0,7.092857143,10,13,13,0,0,2.236822001,47.68282205,200,TRUE,FALSE,6.5,6.722653663,4.245847841,0.046910437,
1189,30/03/2025 22:01,Kyber512,Video Streaming,11.1761708,7.1,0,6.951724138,10,26,26,0,0,2.799356087,47.10915834,200,TRUE,FALSE,13,6.776615039,4.21514302,0.059422757,
1190,30/03/2025 22:02,Kyber512,Video Streaming,31.1849283,5.8,0.1796875,6.956666667,30,69,69,0,0,2.799356087,16.52240451,200,TRUE,TRUE,34.5,2.375046168,0.529820186,0.169427887,
1191,30/03/2025 22:02,Kyber512,Video Streaming,31.23416604,6.9,0,6.919354839,30,71,71,0,0,2.159686001,16.44833416,200,TRUE,FALSE,35.5,2.377148527,0.526613521,0.131301199,
1192,30/03/2025 22:03,Kyber512,Video Streaming,31.21531791,8.1,0,6.91875,30,94,94,0,0,2.302082,16.45826582,200,TRUE,FALSE,47,2.378791808,0.527249662,0.13987391,
1193,30/03/2025 22:04,Kyber512,Video Streaming,61.31288142,4.6,0.12890625,6.954545455,60,112,112,0,0,2.799356087,8.061111932,200,TRUE,TRUE,56,1.159114134,0.131475014,0.347266743,
1194,30/03/2025 22:05,Kyber512,Video Streaming,61.23299663,6.8,0.140625,6.885294118,60,152,152,0,0,2.026040999,8.05938019,200,TRUE,TRUE,76,1.170520831,0.131618255,0.251389183,
1195,30/03/2025 22:06,Kyber512,Video Streaming,61.21146983,7,0,6.882857143,60,150,150,0,0,9.702179999,8.295014013,200,TRUE,FALSE,75,1.205170155,0.135514047,1.169639977,
1196,30/03/2025 22:06,Kyber512,File Transfer,10.26390364,6.4,0,6.886111111,10,20,20,0,0,3.341664,1.461432271,20,TRUE,FALSE,100,0.21222897,0.142385619,2.286567819,
1197,30/03/2025 22:06,Kyber512,File Transfer,8.035883595,6.5,0,6.872972973,10,20,20,0,0,1.927759,3.733254675,20,TRUE,FALSE,100,0.543179013,0.464573016,0.516374897,
1198,30/03/2025 22:06,Kyber512,File Transfer,12.1288698,2.1,0,6.863157895,10,10,10,0,0,1.887915,0,20,TRUE,FALSE,50,0,0,0,
1199,30/03/2025 22:07,Kyber512,File Transfer,8.760668746,7.5,0,6.741025641,30,20,20,0,0,2.841897533,5.992693198,20,TRUE,FALSE,100,0.888988341,0.684045176,0.474227103,
1200,30/03/2025 22:07,Kyber512,File Transfer,17.58983678,3.3,0,6.76,30,0,0,0,0,2.841897533,3.837443225,20,TRUE,FALSE,0,0.567669116,0.218162526,0.740570574,
1201,30/03/2025 22:07,Kyber512,File Transfer,15.47856039,4.3,0,6.675609756,30,20,20,0,0,1.844478,5.329953041,20,TRUE,FALSE,100,0.798421902,0.344344235,0.346058959,
1202,30/03/2025 22:08,Kyber512,File Transfer,14.26559144,3.6,0,6.619047619,60,20,20,0,0,2.497811,6.834627249,20,TRUE,FALSE,100,1.032569584,0.479098766,0.365464115,
1203,30/03/2025 22:08,Kyber512,File Transfer,7.898419251,9.9,0.19921875,6.548837209,60,20,20,0,0,2.160623,14.24335635,20,TRUE,TRUE,100,2.174944329,1.803317334,0.151693389,
1204,30/03/2025 22:08,Kyber512,File Transfer,14.89505723,3.4,0,6.625,60,0,0,0,0,2.841897533,8.559886549,20,TRUE,FALSE,0,1.292058347,0.574679668,0.332001776,
1205,30/03/2025 22:08,Kyber512,File Transfer,12.15367475,5.3,0,6.553333333,10,21,21,0,0,2.841897533,11.78655863,50,TRUE,FALSE,42,1.798559303,0.969793817,0.241113426,
1206,30/03/2025 22:08,Kyber512,File Transfer,12.1118114,7,0,6.526086957,10,0,0,0,0,2.841897533,13.74691154,50,TRUE,FALSE,0,2.106455466,1.135000462,0.206729892,
1207,30/03/2025 22:09,Kyber512,File Transfer,12.11520422,6.7,0,6.536170213,10,26,26,0,0,2.841897533,15.35260955,50,TRUE,FALSE,52,2.3488693,1.267218387,0.185108435,
1208,30/03/2025 22:09,Kyber512,File Transfer,20.8962116,8.9,0,6.539583333,30,50,50,0,0,1.852810999,10.69571864,50,TRUE,FALSE,100,1.635535186,0.511849652,0.17322922,
1209,30/03/2025 22:09,Kyber512,File Transfer,16.34598222,8.8,0,6.587755102,30,50,50,0,0,2.540363,15.96722648,50,TRUE,FALSE,100,2.423773536,0.976828817,0.159098576,
1210,30/03/2025 22:10,Kyber512,File Transfer,32.13118715,4.1,0,6.632,30,48,48,0,0,2.841897533,9.243355953,50,TRUE,FALSE,96,1.393750898,0.287675519,0.307453002,
1211,30/03/2025 22:10,Kyber512,File Transfer,23.56904276,5.8,0,6.582352941,60,50,50,0,0,1.753799999,14.19234558,50,TRUE,FALSE,100,2.156120419,0.602160458,0.123573654,
1212,30/03/2025 22:11,Kyber512,File Transfer,18.18673992,7.9,0.12890625,6.567307692,60,50,50,0,0,2.773852,20.45446306,50,TRUE,TRUE,100,3.114588812,1.124691019,0.135611088,
1213,30/03/2025 22:11,Kyber512,File Transfer,19.33081661,7.6,0,6.59245283,60,0,0,0,0,2.841897533,21.18379209,50,TRUE,FALSE,0,3.213339957,1.095856037,0.134154335,
1214,30/03/2025 22:11,Kyber512,File Transfer,12.12567862,5.9,0,6.611111111,10,23,23,0,0,2.841897533,33.95686236,100,TRUE,FALSE,23,5.136332122,2.800409233,0.083691405,
1215,30/03/2025 22:11,Kyber512,File Transfer,12.1164474,6.9,0,6.598181818,10,31,31,0,0,2.841897533,34.60172658,100,TRUE,FALSE,31,5.24413051,2.855765014,0.082131668,
1216,30/03/2025 22:12,Kyber512,File Transfer,12.16410868,6.7,0,6.603571429,10,28,28,0,0,3.479372,35.20603204,100,TRUE,FALSE,28,5.331362342,2.894254973,0.09882886,
1217,30/03/2025 22:12,Kyber512,File Transfer,32.11499912,4.4,0,6.605263158,30,49,49,0,0,2.841897533,13.49836562,100,TRUE,FALSE,49,2.043577265,0.420313436,0.210536417,
1218,30/03/2025 22:13,Kyber512,File Transfer,32.11673524,6.3,0.12890625,6.567241379,30,77,77,0,0,2.841897533,14.10479604,100,TRUE,TRUE,77,2.147750513,0.439172784,0.201484483,
1219,30/03/2025 22:13,Kyber512,File Transfer,32.17935415,7.9,0,6.562711864,30,82,82,0,0,6.223146001,15.0096238,100,TRUE,FALSE,82,2.287106932,0.466436453,0.414610392,
1220,30/03/2025 22:14,Kyber512,File Transfer,42.85048768,6.8,0.14453125,6.585,60,100,100,0,0,2.841897533,11.16673405,100,TRUE,TRUE,100,1.695783455,0.260597595,0.254496751,
1221,30/03/2025 22:15,Kyber512,File Transfer,44.62672367,6,0,6.58852459,60,0,0,0,0,2.841897533,10.85672351,100,TRUE,FALSE,0,1.647823175,0.243278525,0.261763831,
1222,30/03/2025 22:15,Kyber512,File Transfer,42.53461327,6.3,0,6.579032258,60,100,100,0,0,3.434853,11.99023479,100,TRUE,FALSE,100,1.822492172,0.281893589,0.286470871,
1223,30/03/2025 22:16,Kyber512,File Transfer,12.11506291,2.8,0,6.574603175,10,12,12,0,0,2.841897533,39.31056763,200,TRUE,FALSE,6,5.979154419,3.244767932,0.072293475,
1224,30/03/2025 22:16,Kyber512,File Transfer,12.11505096,3,0,6.515625,10,13,13,0,0,3.45506,38.07247709,200,TRUE,FALSE,6.5,5.843257875,3.142576718,0.090749546,
1225,30/03/2025 22:16,Kyber512,File Transfer,12.11464339,6.1,0,6.461538462,10,25,25,0,0,2.841897533,38.19757503,200,TRUE,FALSE,12.5,5.911529469,3.153008619,0.074399946,
1226,30/03/2025 22:17,Kyber512,File Transfer,32.11097482,9.1,0.12890625,6.456060606,30,102,102,0,0,3.454956,15.25179484,200,TRUE,TRUE,51,2.362399576,0.474971405,0.226527831,
1227,30/03/2025 22:17,Kyber512,File Transfer,32.37201922,6.8,0,6.495522388,30,79,79,0,0,2.841897533,15.26781498,200,TRUE,FALSE,39.5,2.350513795,0.471636164,0.186136493,
1228,30/03/2025 22:18,Kyber512,File Transfer,32.12899578,6.1,0,6.5,30,70,70,0,0,2.841897533,15.5700478,200,TRUE,FALSE,35,2.395391969,0.484610472,0.182523366,
1229,30/03/2025 22:19,Kyber512,File Transfer,62.11350623,5.6,0,6.494202899,60,134,134,0,0,2.841897533,7.739862538,200,TRUE,FALSE,67,1.191811013,0.124608366,0.367176745,
1230,30/03/2025 22:20,Kyber512,File Transfer,62.12845425,8.1,0,6.481428571,60,171,171,0,0,2.841897533,8.257086165,200,TRUE,FALSE,85.5,1.273960837,0.132903454,0.344176805,
1231,30/03/2025 22:21,Kyber512,File Transfer,62.14209085,5.7,0,6.504225352,60,130,130,0,0,2.841897533,8.569071183,200,TRUE,FALSE,65,1.317462222,0.1378948,0.331645924,
1232,30/03/2025 22:21,Kyber512,VoIP,6.522781683,8.7,0,6.493055556,10,20,20,0,0,3.446566,2.299632385,20,TRUE,FALSE,100,0.354167982,0.35255394,1.498746505,
1233,30/03/2025 22:21,Kyber512,VoIP,5.152060065,10.3,0,6.523287671,10,20,20,0,0,3.00417,5.82291348,20,TRUE,FALSE,100,0.892634784,1.130210713,0.515922143,
1234,30/03/2025 22:21,Kyber512,VoIP,11.10615988,2.3,0,6.574324324,10,9,9,0,0,2.392764318,3.308974516,20,TRUE,FALSE,45,0.503317809,0.297940472,0.723113553,
1235,30/03/2025 22:22,Kyber512,VoIP,5.04652594,11.7,0,6.517333333,30,20,20,0,0,1.621512,10.25457921,20,TRUE,FALSE,100,1.573431753,2.032007629,0.15812565,
1236,30/03/2025 22:22,Kyber512,VoIP,13.47446239,4.2,0,6.585526316,30,20,20,0,0,2.392764318,4.953815453,20,TRUE,FALSE,100,0.752227721,0.367644757,0.483014424,
1237,30/03/2025 22:22,Kyber512,VoIP,12.0271332,4.2,0,6.554545455,30,20,20,0,0,1.810731,6.797131008,20,TRUE,FALSE,100,1.037010279,0.565149724,0.266396366,
1238,30/03/2025 22:22,Kyber512,VoIP,10.92490407,4.6,0,6.524358974,60,20,20,0,0,1.681043,8.855913004,20,TRUE,FALSE,100,1.357361396,0.810617004,0.189821535,
1239,30/03/2025 22:23,Kyber512,VoIP,16.2803503,3.4,0,6.5,60,20,20,0,0,1.616512,6.864102918,20,TRUE,FALSE,100,1.056015834,0.421618871,0.235502296,
1240,30/03/2025 22:23,Kyber512,VoIP,14.02806283,3.7,0,6.46125,60,20,20,0,0,2.392764318,9.035459959,20,TRUE,FALSE,100,1.398407423,0.644098909,0.264819315,
1241,30/03/2025 22:23,Kyber512,VoIP,11.16612017,2.9,0,6.427160494,10,11,11,0,0,2.392764318,12.09014393,50,TRUE,FALSE,22,1.881101918,1.082752446,0.197910325,
1242,30/03/2025 22:23,Kyber512,VoIP,11.12786451,5.9,0,6.384146341,10,26,26,0,0,3.070524,13.88406553,50,TRUE,FALSE,52,2.174772442,1.247684631,0.221154531,
1243,30/03/2025 22:23,Kyber512,VoIP,11.1403902,7,0,6.378313253,10,28,28,0,0,3.540367,15.7534877,50,TRUE,FALSE,56,2.469851679,1.414087605,0.224735441,
1244,30/03/2025 22:24,Kyber512,VoIP,28.78027291,4.9,0,6.385714286,30,50,50,0,0,3.420367,7.400902718,50,TRUE,FALSE,100,1.158978054,0.25715193,0.462155379,
1245,30/03/2025 22:24,Kyber512,VoIP,17.17586265,8.4,0,6.368235294,30,50,50,0,0,1.606147001,14.58442031,50,TRUE,FALSE,100,2.290182388,0.849123017,0.110127586,
1246,30/03/2025 22:25,Kyber512,VoIP,18.50299239,7.9,0,6.391860465,30,50,50,0,0,2.192032,15.56504991,50,TRUE,FALSE,100,2.43513606,0.841217981,0.140830387,
1247,30/03/2025 22:25,Kyber512,VoIP,14.98004036,10.5,0,6.409195402,60,50,50,0,0,4.180991999,21.72891342,50,TRUE,FALSE,100,3.390271642,1.450524358,0.192416064,
1248,30/03/2025 22:25,Kyber512,VoIP,9.685711185,15.3,0,6.455681818,60,50,50,0,0,3.815575,37.4778881,50,TRUE,FALSE,100,5.805411288,3.869399715,0.101808698,
1249,30/03/2025 22:25,Kyber512,VoIP,12.95347742,10.6,0,6.55505618,60,50,50,0,0,1.692031999,30.91833852,50,TRUE,FALSE,100,4.716716024,2.386875548,0.054725838,
1250,30/03/2025 22:25,Kyber512,VoIP,11.13580657,7.9,0,6.6,10,27,27,0,0,1.814168,37.78352267,100,TRUE,FALSE,27,5.724776162,3.392975842,0.048014792,
1251,30/03/2025 22:26,Kyber512,VoIP,11.13639884,9,0,6.614285714,10,32,32,0,0,1.595314,39.93660847,100,TRUE,FALSE,32,6.037932166,3.586133098,0.039946156,
1252,30/03/2025 22:26,Kyber512,VoIP,11.09823249,7.5,0,6.640217391,10,24,24,0,0,2.392764318,41.69582862,100,TRUE,FALSE,24,6.279286681,3.7569792,0.05738618,
1253,30/03/2025 22:26,Kyber512,VoIP,29.50005606,9.2,0,6.649462366,30,100,100,0,0,2.392764318,17.11013698,100,TRUE,FALSE,100,2.573160962,0.580003541,0.139844837,
1254,30/03/2025 22:27,Kyber512,VoIP,31.10496384,7.2,0,6.676595745,30,77,77,0,0,2.392764318,16.73366356,100,TRUE,FALSE,77,2.506316722,0.537974056,0.142991062,
1255,30/03/2025 22:27,Kyber512,VoIP,28.95322297,9.6,0,6.682105263,30,100,100,0,0,2.185782,19.60921589,100,TRUE,FALSE,100,2.934586499,0.677272299,0.111467078,
1256,30/03/2025 22:28,Kyber512,VoIP,29.90874542,9.7,0,6.7125,60,100,100,0,0,2.392764318,20.48731872,100,TRUE,FALSE,100,3.052114521,0.684994253,0.116792458,
1257,30/03/2025 22:29,Kyber512,VoIP,49.36438988,5.5,0,6.743298969,60,100,100,0,0,1.707187,12.45837336,100,TRUE,FALSE,100,1.847519058,0.252375718,0.137031292,
1258,30/03/2025 22:29,Kyber512,VoIP,38.15116041,7.4,0,6.730612245,60,100,100,0,0,1.768229999,16.72950424,100,TRUE,FALSE,100,2.485584317,0.438505777,0.105695302,
1259,30/03/2025 22:30,Kyber512,VoIP,11.13969048,7.6,0,6.737373737,10,29,29,0,0,1.60573,55.54463123,200,TRUE,FALSE,14.5,8.24425561,4.986191612,0.028908825,
1260,30/03/2025 22:30,Kyber512,VoIP,11.11358528,3.6,0,6.746,10,13,13,0,0,2.392764318,54.12294814,200,TRUE,FALSE,6.5,8.022968891,4.869980909,0.044209793,
1261,30/03/2025 22:30,Kyber512,VoIP,11.12398249,7.1,0,6.714851485,10,26,26,0,0,3.475104,52.31939196,200,TRUE,FALSE,13,7.791593318,4.703296864,0.066420955,
1262,30/03/2025 22:31,Kyber512,VoIP,31.37496957,8.6,0,6.718627451,30,106,106,0,0,2.392764318,18.621532,200,TRUE,FALSE,53,2.77162741,0.59351554,0.128494493,
1263,30/03/2025 22:31,Kyber512,VoIP,31.1267862,5,0,6.736893204,30,57,57,0,0,2.392764318,18.52905713,200,TRUE,FALSE,28.5,2.750386056,0.595276911,0.129135784,
1264,30/03/2025 22:32,Kyber512,VoIP,31.12665195,8.8,0,6.720192308,30,92,92,0,0,1.790730001,18.09542514,200,TRUE,FALSE,46,2.692694541,0.581348266,0.098960372,
1265,30/03/2025 22:33,Kyber512,VoIP,61.1532881,6.5,0,6.74,60,135,135,0,0,2.392764318,8.40102006,200,TRUE,FALSE,67.5,1.246442145,0.137376424,0.284818308,
1266,30/03/2025 22:34,Kyber512,VoIP,61.11482832,7.9,0,6.737735849,60,167,167,0,0,2.392764318,8.909458065,200,TRUE,FALSE,83.5,1.322322256,0.145782264,0.268564519,
1267,30/03/2025 22:35,Kyber512,VoIP,61.12407453,6.6,0,6.748598131,60,135,135,0,0,2.392764318,8.846759712,200,TRUE,FALSE,67.5,1.310903322,0.144734457,0.270467877,
1268,30/03/2025 22:35,Kyber512,Web Browsing,11.10705161,4.6,0,6.747222222,10,19,19,0,0,2.712992609,1.282968739,20,TRUE,FALSE,95,0.190147693,0.115509388,2.114620978,
1269,30/03/2025 22:35,Kyber512,Web Browsing,9.783483861,5.6,0,6.727522936,10,20,20,0,0,3.111198001,2.989732535,20,TRUE,FALSE,100,0.444403172,0.305589765,1.040627536,
1270,30/03/2025 22:35,Kyber512,Web Browsing,11.2205774,4.1,0,6.717272727,10,15,15,0,0,2.712992609,3.609439922,20,TRUE,FALSE,75,0.537337111,0.321680409,0.751638112,
1271,30/03/2025 22:36,Kyber512,Web Browsing,6.726587256,8,0,6.693693694,30,0,0,0,0,2.712992609,8.250840714,20,TRUE,FALSE,0,1.232628963,1.226601306,0.328814081,
1272,30/03/2025 22:36,Kyber512,Web Browsing,4.723654837,12.1,0,6.705357143,30,20,20,0,0,1.690104,14.92488389,20,TRUE,FALSE,100,2.225814908,3.159605095,0.11324068,
1273,30/03/2025 22:36,Kyber512,Web Browsing,4.925533972,12.4,0,6.753097345,30,20,20,0,0,1.619895999,17.35852407,20,TRUE,FALSE,100,2.570453702,3.52419132,0.093319915,
1274,30/03/2025 22:36,Kyber512,Web Browsing,9.532534544,5.9,0,6.802631579,60,20,20,0,0,3.616979,10.54284142,20,TRUE,FALSE,100,1.549818081,1.105985126,0.343074401,
1275,30/03/2025 22:36,Kyber512,Web Browsing,5.320745612,11.5,0,6.794782609,60,20,20,0,0,1.648646,21.70748395,20,TRUE,FALSE,100,3.194728249,4.079782334,0.075948277,
1276,30/03/2025 22:36,Kyber512,Web Browsing,8.518124456,6.6,0,6.835344828,60,20,20,0,0,3.850104,15.32027393,20,TRUE,FALSE,100,2.241331537,1.79855014,0.251307778,
1277,30/03/2025 22:36,Kyber512,Web Browsing,11.12302691,6.4,0,6.833333333,10,24,24,0,0,2.712992609,13.35068243,50,TRUE,FALSE,48,1.953758404,1.200274218,0.203210032,
1278,30/03/2025 22:37,Kyber512,Web Browsing,11.11033435,8.9,0,6.829661017,10,35,35,0,0,3.4375,15.72859957,50,TRUE,FALSE,70,2.30298393,1.415672929,0.218550926,
1279,30/03/2025 22:37,Kyber512,Web Browsing,11.13070105,6.6,0,6.847058824,10,26,26,0,0,1.69875,17.45173094,50,TRUE,FALSE,52,2.548792319,1.567891444,0.097339915,
1280,30/03/2025 22:37,Kyber512,Web Browsing,21.58999545,6.5,0,6.845,30,50,50,0,0,2.505885,10.73413844,50,TRUE,FALSE,100,1.568172161,0.497181135,0.233450036,
1281,30/03/2025 22:38,Kyber512,Web Browsing,18.93291835,7.2,0,6.84214876,30,50,50,0,0,1.76401,14.22126241,50,TRUE,FALSE,100,2.078478985,0.751139478,0.124040324,
1282,30/03/2025 22:38,Kyber512,Web Browsing,15.09646243,8.7,0,6.845081967,30,50,50,0,0,1.700677,20.31932987,50,TRUE,FALSE,100,2.968456765,1.345966313,0.083697494,
1283,30/03/2025 22:38,Kyber512,Web Browsing,14.89383653,9.3,0,6.860162602,60,50,50,0,0,2.712992609,23.11358792,50,TRUE,FALSE,100,3.369247824,1.551889459,0.117376524,
1284,30/03/2025 22:38,Kyber512,Web Browsing,20.09669695,6.9,0,6.87983871,60,50,50,0,0,4.098124001,18.99565889,50,TRUE,FALSE,100,2.76106166,0.945212984,0.215740029,
1285,30/03/2025 22:39,Kyber512,Web Browsing,23.24374289,6.2,0,6.88,60,50,50,0,0,2.712992609,18.03711226,50,TRUE,FALSE,100,2.621673294,0.775998614,0.150411694,
1286,30/03/2025 22:39,Kyber512,Web Browsing,11.12438593,15.8,0,6.874603175,10,62,62,0,0,1.609270999,41.8674795,100,TRUE,FALSE,62,6.090166724,3.763576683,0.038437255,
1287,30/03/2025 22:39,Kyber512,Web Browsing,11.10825802,11.8,0,6.94488189,10,0,0,0,0,2.712992609,45.43916778,100,TRUE,FALSE,0,6.542828013,4.090575471,0.059706036,
1288,30/03/2025 22:40,Kyber512,Web Browsing,11.1147112,4.4,0,6.9828125,10,17,17,0,0,2.712992609,46.55991419,100,TRUE,FALSE,17,6.667788114,4.189034996,0.058268849,
1289,30/03/2025 22:40,Kyber512,Web Browsing,31.13042054,6.8,0,6.962790698,30,75,75,0,0,3.632864001,17.97277358,100,TRUE,FALSE,75,2.581260066,0.577337963,0.202131518,
1290,30/03/2025 22:41,Kyber512,Web Browsing,31.12213357,7.5,0,6.961538462,30,95,95,0,0,2.619114,18.94150344,100,TRUE,FALSE,95,2.720878947,0.60861841,0.138273818,
1291,30/03/2025 22:41,Kyber512,Web Browsing,31.11228068,6.1,0,6.965648855,30,67,67,0,0,3.531300999,18.5618022,100,TRUE,FALSE,67,2.664762836,0.596606928,0.190245589,
1292,30/03/2025 22:42,Kyber512,Web Browsing,34.21377074,8.3,0,6.959090909,60,100,100,0,0,3.167551,17.22990443,100,TRUE,FALSE,100,2.475884373,0.503595601,0.183840312,
1293,30/03/2025 22:42,Kyber512,Web Browsing,30.96144803,8.9,0,6.969172932,60,100,100,0,0,3.074166,19.81496471,100,TRUE,FALSE,100,2.843230453,0.639988307,0.155143653,
1294,30/03/2025 22:43,Kyber512,Web Browsing,47.51106451,5.9,0,6.98358209,60,100,100,0,0,2.704791,12.18663496,100,TRUE,FALSE,100,1.745040697,0.256500987,0.221947323,
1295,30/03/2025 22:43,Kyber512,Web Browsing,11.15074818,9.9,0,6.975555556,10,0,0,0,0,2.712992609,52.12654707,200,TRUE,FALSE,0,7.472744881,4.674712964,0.052046275,
1296,30/03/2025 22:44,Kyber512,Web Browsing,11.10849254,4.5,0,6.997058824,10,19,19,0,0,2.712992609,52.72992694,200,TRUE,FALSE,9.5,7.536013097,4.746812112,0.051450718,
1297,30/03/2025 22:44,Kyber512,Web Browsing,11.12971251,8.4,0,6.978832117,10,32,32,0,0,3.097707,0,200,TRUE,FALSE,16,0,0,0,
1298,30/03/2025 22:44,Kyber512,Web Browsing,31.10435485,9.1,0,6.989130435,30,96,96,0,0,2.712992609,18.51830725,200,TRUE,FALSE,48,2.649586729,0.595360596,0.146503272,
1299,30/03/2025 22:45,Kyber512,Web Browsing,31.10064081,8.6,0,7.004316547,30,93,93,0,0,3.108593,19.12340018,200,TRUE,FALSE,46.5,2.730230716,0.614887658,0.162554408,
1300,30/03/2025 22:45,Kyber512,Web Browsing,31.12353099,6.8,0,7.015714286,30,81,81,0,0,2.712992609,18.62738518,200,TRUE,FALSE,40.5,2.655094609,0.598498454,0.145645381,
1301,30/03/2025 22:46,Kyber512,Web Browsing,61.11360453,7,0,7.014184397,60,151,151,0,0,1.689493,9.412797762,200,TRUE,FALSE,75.5,1.341966112,0.154021315,0.17948893,
1302,30/03/2025 22:47,Kyber512,Web Browsing,61.13156838,7.1,0,7.014084507,60,158,158,0,0,2.712992609,9.348688659,200,TRUE,FALSE,79,1.33284517,0.152927348,0.290200338,
1303,30/03/2025 22:48,Kyber512,Web Browsing,61.13142332,8,0,7.014685315,60,176,176,0,0,3.422106001,9.704501675,200,TRUE,FALSE,88,1.383455029,0.158748172,0.352630781,
1304,30/03/2025 22:49,Dilithium2,Video Streaming,6.922579527,10.8,0,7.021527778,10,20,20,0,0,9.462066067,6.827747491,20,TRUE,FALSE,100,0.972401977,0.986301055,1.385825425,
1305,30/03/2025 22:49,Dilithium2,Video Streaming,11.17903353,3.5,0,10.8,10,13,13,0,0,9.462066067,6.976299072,20,TRUE,FALSE,65,0.645953618,0.624052075,1.356316002,
1306,30/03/2025 22:49,Dilithium2,Video Streaming,11.19091614,3.3,0,7.15,10,12,12,0,0,9.462066067,9.503033967,20,TRUE,FALSE,60,1.32909566,0.849173906,0.995688966,
1307,30/03/2025 22:49,Dilithium2,Video Streaming,5.730574213,13.1,0,5.866666667,30,20,20,0,0,9.462066067,26.8059143,20,TRUE,FALSE,100,4.569189937,4.677701275,0.352984269,
1308,30/03/2025 22:49,Dilithium2,Video Streaming,7.716422161,7.9,0,7.675,30,20,20,0,0,6.500767999,26.03264856,20,TRUE,FALSE,100,3.391876034,3.373668264,0.249715967,
1309,30/03/2025 22:50,Dilithium2,Video Streaming,15.82333601,3.9,0,7.72,30,20,20,0,0,8.865103,15.68218807,20,TRUE,FALSE,100,2.031371512,0.991079761,0.565297582,
1310,30/03/2025 22:50,Dilithium2,Video Streaming,11.8948376,5.4,0,7.083333333,60,20,20,0,0,9.462066067,24.83515675,20,TRUE,FALSE,100,3.506139777,2.087893722,0.38099482,
1311,30/03/2025 22:50,Dilithium2,Video Streaming,15.25248034,3.8,0,6.842857143,60,20,20,0,0,4.352731999,22.4668889,20,TRUE,FALSE,100,3.283261426,1.47299904,0.193739864,
1312,30/03/2025 22:50,Dilithium2,Video Streaming,9.207678368,7.2,0,6.4625,60,20,20,0,0,17.547177,42.34959027,20,TRUE,FALSE,100,6.553128088,4.599377669,0.414341128,
1313,30/03/2025 22:50,Dilithium2,Video Streaming,11.19660532,5.4,0,6.544444444,10,18,18,0,0,9.462066067,38.62603499,50,TRUE,FALSE,36,5.90211061,3.449798746,0.24496602,
1314,30/03/2025 22:51,Dilithium2,Video Streaming,11.19451785,9.2,0,6.43,10,29,29,0,0,7.265662001,44.75544473,50,TRUE,FALSE,58,6.960411311,3.997978772,0.16234141,
1315,30/03/2025 22:51,Dilithium2,Video Streaming,11.21394782,3.5,0,6.681818182,10,0,0,0,0,9.462066067,47.2068364,50,TRUE,FALSE,0,7.064968713,4.209653653,0.20043847,
1316,30/03/2025 22:51,Dilithium2,Video Streaming,20.77049568,8.1,0,6.416666667,30,50,50,0,0,9.462066067,31.175908,50,TRUE,FALSE,100,4.858583065,1.500970823,0.303505709,
1317,30/03/2025 22:52,Dilithium2,Video Streaming,31.17708667,4.6,0,6.546153846,30,46,46,0,0,9.462066067,24.25659613,50,TRUE,FALSE,92,3.705472969,0.778026388,0.390082187,
1318,30/03/2025 22:52,Dilithium2,Video Streaming,26.55469702,5.9,0,6.407142857,30,50,50,0,0,10.740256,32.92879078,50,TRUE,FALSE,100,5.139387636,1.240036396,0.326166122,
1319,30/03/2025 22:53,Dilithium2,Video Streaming,17.07309107,10.8,0,6.373333333,60,0,0,0,0,9.462066067,58.13699002,50,TRUE,FALSE,0,9.121912661,3.405182447,0.16275466,
1320,30/03/2025 22:53,Dilithium2,Video Streaming,30.10622468,5.2,0,6.65,60,50,50,0,0,18.302626,36.89410411,50,TRUE,FALSE,100,5.54798558,1.225464318,0.496085389,
1321,30/03/2025 22:53,Dilithium2,Video Streaming,21.36392994,8,0,6.564705882,60,50,50,0,0,15.886936,57.5224808,50,TRUE,FALSE,100,8.762385069,2.692504654,0.276186558,
1322,30/03/2025 22:54,Dilithium2,Video Streaming,11.15503429,6.3,0,6.644444444,10,0,0,0,0,9.462066067,109.742351,100,TRUE,FALSE,0,16.51640734,9.83792144,0.086220734,
1323,30/03/2025 22:54,Dilithium2,Video Streaming,11.19521144,3.9,0,6.626315789,10,14,14,0,0,3.926473,109.5596073,100,TRUE,FALSE,14,16.5340154,9.786291924,0.035838692,
1324,30/03/2025 22:54,Dilithium2,Video Streaming,11.20717918,8,0,6.49,10,25,25,0,0,9.462066067,108.8099963,100,TRUE,FALSE,25,16.76579296,9.708954818,0.086959529,
1325,30/03/2025 22:55,Dilithium2,Video Streaming,31.17362195,9.4,0,6.561904762,30,87,87,0,0,9.462066067,42.45376114,100,TRUE,FALSE,87,6.469731378,1.361848848,0.222879335,
1326,30/03/2025 22:55,Dilithium2,Video Streaming,31.13816524,10.4,0,6.690909091,30,87,87,0,0,9.462066067,45.76565713,100,TRUE,FALSE,87,6.83997593,1.46976088,0.20675036,
1327,30/03/2025 22:56,Dilithium2,Video Streaming,31.13642326,8.3,0,6.852173913,30,80,80,0,0,5.773976001,47.13443302,100,TRUE,FALSE,80,6.878756088,1.513803709,0.122500169,
1328,30/03/2025 22:57,Dilithium2,Video Streaming,50.35867937,6.3,0,6.9125,60,100,100,0,0,24.84179,29.79989969,100,TRUE,FALSE,100,4.31101623,0.591753002,0.83361992,
1329,30/03/2025 22:57,Dilithium2,Video Streaming,49.30436668,6.2,0,6.888,60,100,100,0,0,3.886833001,30.77266102,100,TRUE,FALSE,100,4.467575642,0.624136625,0.126307991,
1330,30/03/2025 22:58,Dilithium2,Video Streaming,31.27439483,11.8,0,6.861538462,60,100,100,0,0,5.152565,51.68715123,100,TRUE,FALSE,100,7.532880784,1.652698686,0.099687541,
1331,30/03/2025 22:58,Dilithium2,Video Streaming,11.19894487,8.6,0,7.044444444,10,26,26,0,0,4.288448001,144.9756417,200,TRUE,FALSE,13,20.58013841,12.94547329,0.029580473,
1332,30/03/2025 22:58,Dilithium2,Video Streaming,11.17812999,8.9,0,7.1,10,31,31,0,0,9.462066067,0,200,TRUE,FALSE,15.5,0,0,0,
1333,30/03/2025 22:59,Dilithium2,Video Streaming,11.19250443,10.4,0,7.162068966,10,33,33,0,0,4.599645999,145.0590642,200,TRUE,FALSE,16.5,20.25379327,12.96037586,0.03170878,
1334,30/03/2025 22:59,Dilithium2,Video Streaming,31.22969823,6.7,0,7.27,30,62,62,0,0,9.462066067,53.42595854,200,TRUE,FALSE,31,7.348825109,1.710742068,0.177106154,
1335,30/03/2025 23:00,Dilithium2,Video Streaming,31.21575325,7.2,0,7.251612903,30,71,71,0,0,9.462066067,52.23849797,200,TRUE,FALSE,35.5,7.203707461,1.67346588,0.181132047,
1336,30/03/2025 23:00,Dilithium2,Video Streaming,31.19138959,19.2,0,7.25,30,161,161,0,0,9.462066067,57.81030013,200,TRUE,FALSE,80.5,7.973834501,1.853405728,0.163674398,
1337,30/03/2025 23:01,Dilithium2,Video Streaming,61.17781228,10.2,0,7.612121212,60,0,0,0,0,9.462066067,30.63336137,200,TRUE,FALSE,0,4.024287123,0.500726656,0.308881091,
1338,30/03/2025 23:02,Dilithium2,Video Streaming,61.19561879,12.6,0.25,7.688235294,60,145,145,0,0,9.462066067,31.58990955,200,TRUE,TRUE,72.5,4.108863522,0.516211947,0.299528115,
1339,30/03/2025 23:03,Dilithium2,Video Streaming,61.22995611,6.8,0,7.828571429,60,130,130,0,0,9.462066067,30.3370961,200,TRUE,FALSE,65,3.875176509,0.495461667,0.311897554,
1340,30/03/2025 23:04,Dilithium2,File Transfer,12.16647356,4.8,0,7.8,10,17,17,0,0,5.397769,3.302171418,20,TRUE,FALSE,85,0.42335531,0.271415657,1.634611992,
1341,30/03/2025 23:04,Dilithium2,File Transfer,12.11248576,3.5,0,7.718918919,10,12,12,0,0,8.025132609,5.658223884,20,TRUE,FALSE,60,0.733033206,0.467139776,1.418313021,
1342,30/03/2025 23:04,Dilithium2,File Transfer,12.10657759,3.6,0,7.607894737,10,11,11,0,0,11.436788,7.808255415,20,TRUE,FALSE,55,1.02633589,0.644959763,1.464704648,
1343,30/03/2025 23:04,Dilithium2,File Transfer,12.12767717,5.4,0,7.505128205,30,20,20,0,0,7.636678001,11.69200606,20,TRUE,FALSE,100,1.557868932,0.964076294,0.653153784,
1344,30/03/2025 23:05,Dilithium2,File Transfer,18.62572434,3.5,0,7.4525,30,20,20,0,0,10.04689,10.15061195,20,TRUE,FALSE,100,1.362041188,0.544978105,0.989781705,
1345,30/03/2025 23:05,Dilithium2,File Transfer,12.93364411,5.5,0,7.356097561,30,20,20,0,0,11.05486,18.2723541,20,TRUE,FALSE,100,2.483973866,1.412776936,0.605004694,
1346,30/03/2025 23:05,Dilithium2,File Transfer,13.73459743,5.4,0,7.311904762,60,20,20,0,0,4.184068999,20.64812977,20,TRUE,FALSE,100,2.823905732,1.503366216,0.202636706,
1347,30/03/2025 23:05,Dilithium2,File Transfer,8.61004413,7.2,0,7.26744186,60,20,20,0,0,9.489283999,38.42714044,20,TRUE,FALSE,100,5.287574525,4.463059638,0.246942236,
1348,30/03/2025 23:06,Dilithium2,File Transfer,18.68994683,3.9,0,7.265909091,60,20,20,0,0,3.755005,20.23146472,20,TRUE,FALSE,100,2.784436808,1.082478452,0.185602232,
1349,30/03/2025 23:06,Dilithium2,File Transfer,12.10860972,3.8,0,7.191111111,10,14,14,0,0,7.764855,33.96021072,50,TRUE,FALSE,28,4.722526213,2.804633356,0.228645666,
1350,30/03/2025 23:06,Dilithium2,File Transfer,12.11803897,3.4,0,7.117391304,10,12,12,0,0,7.036989,36.27404678,50,TRUE,FALSE,24,5.096536811,2.993392485,0.193995146,
1351,30/03/2025 23:06,Dilithium2,File Transfer,12.1589852,14.3,0,7.038297872,10,50,50,0,0,22.329093,45.87014179,50,TRUE,FALSE,100,6.517220871,3.77253044,0.486789274,
1352,30/03/2025 23:07,Dilithium2,File Transfer,32.14311259,4.7,0,7.189583333,30,46,46,0,0,8.025132609,20.73368939,50,TRUE,FALSE,92,2.883851321,0.645042988,0.387057627,
1353,30/03/2025 23:07,Dilithium2,File Transfer,15.39687881,10.7,0,7.13877551,30,50,50,0,0,7.173603,50.9589888,50,TRUE,FALSE,100,7.138337482,3.309696038,0.140772083,
1354,30/03/2025 23:08,Dilithium2,File Transfer,27.98319035,5.7,0,7.21,30,50,50,0,0,3.547451999,32.26127637,50,TRUE,FALSE,100,4.474518221,1.152880567,0.109960064,
1355,30/03/2025 23:08,Dilithium2,File Transfer,29.41994857,5.9,0,7.180392157,60,50,50,0,0,5.282141999,34.70221906,50,TRUE,FALSE,100,4.832914178,1.179547237,0.152213378,
1356,30/03/2025 23:08,Dilithium2,File Transfer,14.91751818,9.5,0,7.155769231,60,50,50,0,0,9.342511001,76.35999159,50,TRUE,FALSE,100,10.67110874,5.118813376,0.122348246,
1357,30/03/2025 23:09,Dilithium2,File Transfer,27.43077627,6.6,0,7.2,60,50,50,0,0,10.355689,43.33564814,50,TRUE,FALSE,100,6.018840019,1.579818512,0.238964673,
1358,30/03/2025 23:09,Dilithium2,File Transfer,12.16306116,7.2,0,7.188888889,10,26,26,0,0,6.528757,100.6473347,100,TRUE,FALSE,26,14.00040204,8.274835864,0.064867659,
1359,30/03/2025 23:09,Dilithium2,File Transfer,12.11748652,12,0,7.189090909,10,48,48,0,0,8.025132609,106.4867339,100,TRUE,FALSE,48,14.81226698,8.787856601,0.075362745,
1360,30/03/2025 23:10,Dilithium2,File Transfer,12.11289239,3.5,0,7.275,10,12,12,0,0,8.025132609,106.3320171,100,TRUE,FALSE,12,14.61608482,8.778416721,0.075472401,
1361,30/03/2025 23:10,Dilithium2,File Transfer,35.07699644,6.8,0,7.20877193,30,64,64,0,0,8.025132609,0,100,TRUE,FALSE,64,0,0,0,
1362,30/03/2025 23:11,Dilithium2,File Transfer,32.22378143,6.8,0,7.201724138,30,66,66,0,0,7.246204999,42.53700416,100,TRUE,FALSE,66,5.906502852,1.320050046,0.170350619,
1363,30/03/2025 23:11,Dilithium2,File Transfer,31.07485539,10.9,0,7.194915254,30,100,100,0,0,6.883237,46.54335819,100,TRUE,FALSE,100,6.468923753,1.497781972,0.147888706,
1364,30/03/2025 23:12,Dilithium2,File Transfer,42.61397683,8,0,7.256666667,60,100,100,0,0,9.146311999,35.60396554,100,TRUE,FALSE,100,4.906380184,0.835499716,0.256890261,
1365,30/03/2025 23:13,Dilithium2,File Transfer,33.17596715,9.5,0,7.268852459,60,100,100,0,0,6.268652,47.44233395,100,TRUE,FALSE,100,6.526798311,1.430021128,0.132132032,
1366,30/03/2025 23:13,Dilithium2,File Transfer,39.94221479,7.6,0,7.30483871,60,100,100,0,0,5.669745,40.29307187,100,TRUE,FALSE,100,5.515942715,1.008784117,0.140712652,
1367,30/03/2025 23:14,Dilithium2,File Transfer,12.11841547,2.6,0,7.30952381,10,10,10,0,0,8.025132609,131.0505489,200,TRUE,FALSE,5,17.92873959,10.81416537,0.061236925,
1368,30/03/2025 23:14,Dilithium2,File Transfer,12.11978652,7.8,0,7.2359375,10,26,26,0,0,8.025132609,130.2557493,200,TRUE,FALSE,13,18.00122642,10.74736334,0.061610583,
1369,30/03/2025 23:14,Dilithium2,File Transfer,12.11973987,5.4,0,7.244615385,10,19,19,0,0,8.025132609,129.6712676,200,TRUE,FALSE,9.5,17.89898576,10.69917911,0.061888287,
1370,30/03/2025 23:15,Dilithium2,File Transfer,32.11513672,10.2,0,7.216666667,30,101,101,0,0,7.001465001,50.62838481,200,TRUE,FALSE,50.5,7.015480574,1.576464869,0.138291297,
1371,30/03/2025 23:15,Dilithium2,File Transfer,32.1246035,5.6,0,7.26119403,30,51,51,0,0,8.025132609,49.50997391,200,TRUE,FALSE,25.5,6.818434228,1.541185525,0.162091231,
1372,30/03/2025 23:16,Dilithium2,File Transfer,32.11898083,9.6,0,7.236764706,30,94,94,0,0,8.025132609,52.31464155,200,TRUE,FALSE,47,7.229009602,1.628776512,0.153401273,
1373,30/03/2025 23:17,Dilithium2,File Transfer,62.14658071,6.7,0,7.271014493,60,123,123,0,0,8.025132609,25.5925308,200,TRUE,FALSE,61.5,3.519801924,0.411809154,0.313573232,
1374,30/03/2025 23:18,Dilithium2,File Transfer,62.14154471,8.7,0,7.262857143,60,158,158,0,0,8.025132609,25.67066608,200,TRUE,FALSE,79,3.534513426,0.413099903,0.312618792,
1375,30/03/2025 23:19,Dilithium2,File Transfer,62.26223977,7.1,0,7.283098592,60,137,137,0,0,8.025132609,25.88660187,200,TRUE,FALSE,68.5,3.554339069,0.415767277,0.310011049,
1376,30/03/2025 23:19,Dilithium2,VoIP,11.23104042,3.7,0,7.280555556,10,12,12,0,0,19.570224,0,20,TRUE,FALSE,60,0,0,0,
1377,30/03/2025 23:19,Dilithium2,VoIP,6.549182788,10.7,0,7.231506849,10,0,0,0,0,8.990997462,11.54724222,20,TRUE,FALSE,0,1.59679614,1.763157724,0.778627251,
1378,30/03/2025 23:19,Dilithium2,VoIP,5.290686248,11.3,0,7.278378378,10,20,20,0,0,14.486886,23.22772874,20,TRUE,FALSE,100,3.19133295,4.390305463,0.623689305,
1379,30/03/2025 23:19,Dilithium2,VoIP,2.662280347,32.3,0,7.332,30,20,20,0,0,7.143391,63.91372351,20,TRUE,FALSE,100,8.717092677,24.00713493,0.111766153,
1380,30/03/2025 23:19,Dilithium2,VoIP,6.343174983,10.2,0,7.660526316,30,20,20,0,0,7.117454001,34.27650594,20,TRUE,FALSE,100,4.474432242,5.403682861,0.207648178,
1381,30/03/2025 23:20,Dilithium2,VoIP,7.458372881,8.8,0,7.693506494,30,20,20,0,0,11.048915,35.48863864,20,TRUE,FALSE,100,4.612804144,4.758227995,0.311336682,
1382,30/03/2025 23:20,Dilithium2,VoIP,15.75082418,4.1,0,7.707692308,60,20,20,0,0,3.93667,19.80551122,20,TRUE,FALSE,100,2.569577304,1.257426976,0.198766392,
1383,30/03/2025 23:20,Dilithium2,VoIP,11.33012211,6.7,0,7.662025316,60,20,20,0,0,11.574064,31.70475538,20,TRUE,FALSE,100,4.137907938,2.798271287,0.365057666,
1384,30/03/2025 23:20,Dilithium2,VoIP,8.483543719,7.4,0,7.65,60,20,20,0,0,7.557449,47.91445515,20,TRUE,FALSE,100,6.263327471,5.647929301,0.157727954,
1385,30/03/2025 23:20,Dilithium2,VoIP,11.13979206,2.7,0,7.64691358,10,9,9,0,0,8.990997462,38.39873348,50,TRUE,FALSE,18,5.021468214,3.446988352,0.234148282,
1386,30/03/2025 23:21,Dilithium2,VoIP,11.10448321,8.8,0,7.586585366,10,27,27,0,0,8.799064,44.26703078,50,TRUE,FALSE,54,5.834908413,3.986410708,0.198772401,
1387,30/03/2025 23:21,Dilithium2,VoIP,11.14182499,3.9,0,7.601204819,10,13,13,0,0,3.940261,46.87608687,50,TRUE,FALSE,26,6.166928531,4.20721802,0.084056952,
1388,30/03/2025 23:21,Dilithium2,VoIP,21.43337765,7.7,0,7.557142857,30,50,50,0,0,5.893334001,29.8809282,50,TRUE,FALSE,100,3.953998061,1.394130626,0.197227274,
1389,30/03/2025 23:22,Dilithium2,VoIP,18.93848677,9.1,0,7.558823529,30,50,50,0,0,4.595782,40.0566999,50,TRUE,FALSE,100,5.299329948,2.115095065,0.114731918,
1390,30/03/2025 23:22,Dilithium2,VoIP,20.73804632,8.8,0,7.576744186,30,50,50,0,0,6.948074,42.27868577,50,TRUE,FALSE,100,5.580059816,2.038701482,0.164339877,
1391,30/03/2025 23:22,Dilithium2,VoIP,15.81365412,9.9,0,7.590804598,60,50,50,0,0,5.870626001,62.91660351,50,TRUE,FALSE,100,8.28852893,3.978625246,0.093308057,
1392,30/03/2025 23:23,Dilithium2,VoIP,34.73817361,4.8,0,7.617045455,60,50,50,0,0,8.07896,32.04271707,50,TRUE,FALSE,100,4.206712072,0.922406498,0.252130928,
1393,30/03/2025 23:23,Dilithium2,VoIP,22.83160162,7.2,0,7.585393258,60,50,50,0,0,4.282865,53.92830304,50,TRUE,FALSE,100,7.109493365,2.362002629,0.079417759,
1394,30/03/2025 23:23,Dilithium2,VoIP,11.11141576,3.1,0,7.581111111,10,9,9,0,0,8.990997462,112.7254249,100,TRUE,FALSE,9,14.86924848,10.14501008,0.079760156,
1395,30/03/2025 23:24,Dilithium2,VoIP,11.10064589,12.9,0,7.531868132,10,41,41,0,0,9.635992001,121.5635205,100,TRUE,FALSE,41,16.13988965,10.95103129,0.079267135,
1396,30/03/2025 23:24,Dilithium2,VoIP,11.09803794,6,0,7.590217391,10,18,18,0,0,8.990997462,124.573329,100,TRUE,FALSE,18,16.41235324,11.22480655,0.072174337,
1397,30/03/2025 23:24,Dilithium2,VoIP,31.11081185,8.5,0,7.57311828,30,80,80,0,0,8.990997462,44.36259191,100,TRUE,FALSE,80,5.85790295,1.425954171,0.202670698,
1398,30/03/2025 23:25,Dilithium2,VoIP,31.1199254,9.2,0,7.582978723,30,83,83,0,0,6.962867001,46.85565639,100,TRUE,FALSE,83,6.179056819,1.505648095,0.148602486,
1399,30/03/2025 23:26,Dilithium2,VoIP,31.11235662,7,0,7.6,30,66,66,0,0,8.990997462,48.38624649,100,TRUE,FALSE,66,6.36661138,1.555209947,0.185817213,
1400,30/03/2025 23:26,Dilithium2,VoIP,42.69945236,8.2,0,7.59375,60,100,100,0,0,12.988546,36.58428434,100,TRUE,FALSE,100,4.817683534,0.856785797,0.355030753,
1401,30/03/2025 23:27,Dilithium2,VoIP,50.90142023,6.8,0,7.6,60,100,100,0,0,7.399950999,0,100,TRUE,FALSE,100,0,0,0,
1402,30/03/2025 23:28,Dilithium2,VoIP,39.54119927,8.9,0,7.591836735,60,100,100,0,0,9.967243999,39.08798838,100,TRUE,FALSE,100,5.148686641,0.988538261,0.254995061,
1403,30/03/2025 23:28,Dilithium2,VoIP,11.13356688,14.1,0,7.605050505,10,43,43,0,0,16.865683,145.1901616,200,TRUE,FALSE,21.5,19.09128171,13.04075892,0.116162713,
1404,30/03/2025 23:28,Dilithium2,VoIP,11.12004781,9.3,0,7.67,10,28,28,0,0,7.059795,145.7917237,200,TRUE,FALSE,14,19.00804742,13.11071015,0.048423839,
1405,30/03/2025 23:28,Dilithium2,VoIP,11.11363556,9.7,0,7.686138614,10,33,33,0,0,8.990997462,147.7896643,200,TRUE,FALSE,16.5,19.2280769,13.29804847,0.060836443,
1406,30/03/2025 23:29,Dilithium2,VoIP,31.25105246,7.1,0,7.705882353,30,66,66,0,0,5.594482,52.70884984,200,TRUE,FALSE,33,6.84007975,1.686626391,0.10613933,
1407,30/03/2025 23:30,Dilithium2,VoIP,31.14233179,7.9,0,7.7,30,76,76,0,0,23.26527,52.58931532,200,TRUE,FALSE,38,6.82978121,1.688676226,0.442395377,
1408,30/03/2025 23:30,Dilithium2,VoIP,31.16791803,8.2,0,7.701923077,30,0,0,0,0,8.990997462,51.7879023,200,TRUE,FALSE,0,6.724022271,1.661577211,0.173611926,
1409,30/03/2025 23:31,Dilithium2,VoIP,61.1656142,9.5,0,7.706666667,60,179,179,0,0,3.182085,27.97348882,200,TRUE,FALSE,89.5,3.629777961,0.457340112,0.113753598,
1410,30/03/2025 23:32,Dilithium2,VoIP,61.15741026,8.3,0,7.723584906,60,156,156,0,0,8.990997462,29.21380446,200,TRUE,FALSE,78,3.782415137,0.47768217,0.307765374,
1411,30/03/2025 23:33,Dilithium2,VoIP,61.16233071,7.6,0,7.728971963,60,130,130,0,0,8.990997462,27.82043261,200,TRUE,FALSE,65,3.599499745,0.454862205,0.323179642,
1412,30/03/2025 23:33,Dilithium2,Web Browsing,4.418115321,17.2,0,7.727777778,10,20,20,0,0,5.603336,10.69814198,20,TRUE,FALSE,100,1.384374951,2.421426604,0.523767212,
1413,30/03/2025 23:33,Dilithium2,Web Browsing,11.11311541,5.6,0,7.814678899,10,18,18,0,0,8.213457074,8.080964174,20,TRUE,FALSE,90,1.034075012,0.727155606,1.01639568,
1414,30/03/2025 23:34,Dilithium2,Web Browsing,6.633111264,15.1,0,7.794545455,10,20,20,0,0,3.547866001,20.66455801,20,TRUE,FALSE,100,2.651156264,3.115364297,0.171688453,
1415,30/03/2025 23:34,Dilithium2,Web Browsing,7.536958987,9.8,0,7.86036036,30,20,20,0,0,11.614953,24.45760124,20,TRUE,FALSE,100,3.111511447,3.245022466,0.474901561,
1416,30/03/2025 23:34,Dilithium2,Web Browsing,5.839678985,12.7,0,7.877678571,30,20,20,0,0,5.479378,39.65998184,20,TRUE,FALSE,100,5.034475764,6.791466096,0.138158863,
1417,30/03/2025 23:34,Dilithium2,Web Browsing,5.348093708,12.7,0,7.920353982,30,20,20,0,0,6.782972001,52.14328745,20,TRUE,FALSE,100,6.58345417,9.749882911,0.130083321,
1418,30/03/2025 23:34,Dilithium2,Web Browsing,5.270472584,13.9,0,7.962280702,60,20,20,0,0,3.320731001,61.87923517,20,TRUE,FALSE,100,7.771546556,11.74073751,0.053664707,
1419,30/03/2025 23:34,Dilithium2,Web Browsing,5.937315457,11.3,0,8.013913043,60,20,20,0,0,5.945991999,62.89011258,20,TRUE,FALSE,100,7.847616045,10.59234818,0.094545736,
1420,30/03/2025 23:34,Dilithium2,Web Browsing,5.955264796,11.3,0,8.042241379,60,20,20,0,0,5.736722002,70.63733972,20,TRUE,FALSE,100,8.783290179,11.86132643,0.081213732,
1421,30/03/2025 23:35,Dilithium2,Web Browsing,11.10927397,9.9,0,8.07008547,10,31,31,0,0,8.213457074,44.46067156,50,TRUE,FALSE,62,5.509318548,4.002122162,0.184735335,
1422,30/03/2025 23:35,Dilithium2,Web Browsing,11.1096666,11.3,0,8.08559322,10,36,36,0,0,8.213457074,52.11712712,50,TRUE,FALSE,72,6.445677602,4.691151319,0.157596121,
1423,30/03/2025 23:35,Dilithium2,Web Browsing,11.17028321,6.4,0,8.112605042,10,21,21,0,0,8.213457074,56.27724927,50,TRUE,FALSE,42,6.937013324,5.038121972,0.145946314,
1424,30/03/2025 23:35,Dilithium2,Web Browsing,15.11230471,11,0,8.098333333,30,50,50,0,0,4.462555,49.41647811,50,TRUE,FALSE,100,6.102055334,3.269949823,0.090304999,
1425,30/03/2025 23:36,Dilithium2,Web Browsing,21.51158087,7.6,0,8.12231405,30,50,50,0,0,8.340733,40.20908285,50,TRUE,FALSE,100,4.950446708,1.869183074,0.207434052,
1426,30/03/2025 23:36,Dilithium2,Web Browsing,14.47824563,12,0,8.118032787,30,50,50,0,0,8.903962,67.90359999,50,TRUE,FALSE,100,8.364538771,4.690043374,0.131126509,
1427,30/03/2025 23:36,Dilithium2,Web Browsing,14.21814382,12.8,0,8.149593496,60,50,50,0,0,8.213457074,77.45659888,50,TRUE,FALSE,100,9.504351219,5.447729314,0.106039475,
1428,30/03/2025 23:36,Dilithium2,Web Browsing,15.21473793,10.7,0,8.187096774,60,50,50,0,0,23.735116,80.1494663,50,TRUE,FALSE,100,9.789729927,5.267883461,0.296135671,
1429,30/03/2025 23:37,Dilithium2,Web Browsing,23.86409916,7.3,0,8.2072,60,50,50,0,0,19.408812,56.05144273,50,TRUE,FALSE,100,6.829545123,2.348776811,0.34626784,
1430,30/03/2025 23:37,Dilithium2,Web Browsing,11.24099036,7.9,0,8.2,10,26,26,0,0,4.322711,124.4607864,100,TRUE,FALSE,26,15.17814468,11.07204814,0.03473151,
1431,30/03/2025 23:37,Dilithium2,Web Browsing,11.10601,10.8,0,8.197637795,10,43,43,0,0,8.213457074,135.1235587,100,TRUE,FALSE,43,16.48323116,12.16670602,0.06078479,
1432,30/03/2025 23:37,Dilithium2,Web Browsing,11.10485663,6.3,0,8.21796875,10,19,19,0,0,18.499853,139.1810799,100,TRUE,FALSE,19,16.93618997,12.53335226,0.132919309,
1433,30/03/2025 23:38,Dilithium2,Web Browsing,31.10751068,8.5,0,8.203100775,30,75,75,0,0,8.896255,0,100,TRUE,FALSE,75,0,0,0,
1434,30/03/2025 23:38,Dilithium2,Web Browsing,22.05738497,14.4,0,8.205384615,30,100,100,0,0,4.623023,85.39249594,100,TRUE,FALSE,100,10.40688523,3.871378953,0.054138516,
1435,30/03/2025 23:39,Dilithium2,Web Browsing,24.83473997,14.3,0,8.252671756,30,100,100,0,0,16.920634,79.83948981,100,TRUE,FALSE,100,9.674380876,3.214830915,0.211933143,
1436,30/03/2025 23:40,Dilithium2,Web Browsing,37.61286556,8.1,0,8.298484848,60,100,100,0,0,7.486514001,52.21316401,100,TRUE,FALSE,100,6.291891227,1.388172989,0.143383649,
1437,30/03/2025 23:40,Dilithium2,Web Browsing,43.7591499,7.8,0,8.296992481,60,100,100,0,0,7.540316999,44.23137443,100,TRUE,FALSE,100,5.331012958,1.010791447,0.1704744,
1438,30/03/2025 23:41,Dilithium2,Web Browsing,50.48482516,7,0,8.293283582,60,100,100,0,0,4.014324999,36.7003846,100,TRUE,FALSE,100,4.425314079,0.726958734,0.109381006,
1439,30/03/2025 23:41,Dilithium2,Web Browsing,11.11661536,25.5,0,8.283703704,10,82,82,0,0,11.531829,170.9223594,200,TRUE,FALSE,41,20.63356748,15.37539565,0.06746823,
1440,30/03/2025 23:42,Dilithium2,Web Browsing,11.0975314,5.8,0,8.410294118,10,19,19,0,0,8.213457074,171.8551541,200,TRUE,FALSE,9.5,20.43390537,15.48589032,0.047792905,
1441,30/03/2025 23:42,Dilithium2,Web Browsing,11.11224069,10.5,0,8.391240876,10,32,32,0,0,8.062973,172.0530166,200,TRUE,FALSE,16,20.50388246,15.48319744,0.046863305,
1442,30/03/2025 23:42,Dilithium2,Web Browsing,31.14366518,8.2,0,8.406521739,30,78,78,0,0,3.264011999,61.08598313,200,TRUE,FALSE,39,7.266499157,1.961425631,0.053433076,
1443,30/03/2025 23:43,Dilithium2,Web Browsing,31.10933601,9.6,0.19140625,8.405035971,30,82,82,0,0,4.164741,61.76112712,200,TRUE,TRUE,41,7.348109792,1.98529236,0.067433047,
1444,30/03/2025 23:43,Dilithium2,Web Browsing,31.10603993,8.5,0,8.413571429,30,80,80,0,0,8.213457074,59.10854666,200,TRUE,FALSE,40,7.025381214,1.900227313,0.13895549,
1445,30/03/2025 23:44,Dilithium2,Web Browsing,61.15833811,10.7,0,8.414184397,60,184,184,0,0,6.269066,29.56113937,200,TRUE,FALSE,92,3.513250718,0.483354196,0.21207119,
1446,30/03/2025 23:45,Dilithium2,Web Browsing,61.09813884,8.4,0,8.43028169,60,152,152,0,0,8.213457074,30.17046689,200,TRUE,FALSE,76,3.578820732,0.49380337,0.272235001,
1447,30/03/2025 23:46,Dilithium2,Web Browsing,61.12526392,7.4,0,8.43006993,60,137,137,0,0,3.283959999,28.95852783,200,TRUE,FALSE,68.5,3.43514681,0.473757101,0.113402174,
1448,30/03/2025 23:47,SPHINCS+-128s,Video Streaming,15.34899527,70.4,0,8.422916667,10,1,1,0,0,12669.45524,0.499829133,20,TRUE,FALSE,5,0.059341574,0.03256429,25347.57261,
1449,30/03/2025 23:47,SPHINCS+-128s,Video Streaming,15.59975177,71.9,0,8.422916667,10,1,1,0,0,12063.86899,0.983589369,20,TRUE,FALSE,5,0.116775389,0.063051604,12265.1478,
1450,30/03/2025 23:47,SPHINCS+-128s,Video Streaming,15.71514721,71.6,0,8.422916667,10,1,1,0,0,13071.04443,1.464550392,20,TRUE,FALSE,5,0.173876871,0.093193552,8924.953693,
1451,30/03/2025 23:48,SPHINCS+-128s,Video Streaming,43.13872446,72.5,0,8.422916667,30,3,3,0,0,12519.03874,0,20,TRUE,FALSE,15,0,0,0,
1452,30/03/2025 23:49,SPHINCS+-128s,Video Streaming,40.51872612,77.6,0,8.422916667,30,3,3,0,0,12557.78549,1.704073193,20,TRUE,FALSE,15,0.202313909,0.042056436,7369.275886,
1453,30/03/2025 23:49,SPHINCS+-128s,Video Streaming,41.55040626,75.2,0,8.422916667,30,3,3,0,0,12672.49854,2.215682307,20,TRUE,FALSE,15,0.263054046,0.053325166,5719.456485,
1454,30/03/2025 23:51,SPHINCS+-128s,Video Streaming,67.69842944,75.4,0,8.422916667,60,5,5,0,0,12611.83738,1.926512566,20,TRUE,FALSE,25,0.228722738,0.028457271,6546.459962,
1455,30/03/2025 23:52,SPHINCS+-128s,Video Streaming,67.7791459,75.7,0,8.422916667,60,0,0,0,0,12673.39708,2.376975585,20,TRUE,FALSE,0,0.282203384,0.035069424,5331.732122,
1456,30/03/2025 23:53,SPHINCS+-128s,Video Streaming,66.25672814,77.2,0,8.422916667,60,5,5,0,0,12650.63499,2.547382805,20,TRUE,FALSE,25,0.302434763,0.038447157,4966.130322,
1457,30/03/2025 23:53,SPHINCS+-128s,Video Streaming,15.06043267,75.4,0,8.422916667,10,1,1,0,0,12673.39708,11.20693234,50,TRUE,FALSE,2,1.330528697,0.744130835,1130.853359,
1458,30/03/2025 23:53,SPHINCS+-128s,Video Streaming,15.43747147,73.1,0,8.422916667,10,1,1,0,0,12824.42895,10.93321858,50,TRUE,FALSE,2,1.298032381,0.708225994,1172.978374,
1459,30/03/2025 23:54,SPHINCS+-128s,Video Streaming,17.44399263,64.7,0,8.422916667,10,1,1,0,0,13645.11425,9.235808477,50,TRUE,FALSE,2,1.09650954,0.529454963,1477.414163,
1460,30/03/2025 23:55,SPHINCS+-128s,Video Streaming,41.02322906,76.1,0,8.422916667,30,3,3,0,0,12673.39708,3.927271907,50,TRUE,FALSE,6,0.46626033,0.095732881,3227.023079,
1461,30/03/2025 23:55,SPHINCS+-128s,Video Streaming,41.61935809,75.1,0,8.422916667,30,3,3,0,0,12673.39708,4.055354474,50,TRUE,FALSE,6,0.481466769,0.09743914,3125.102173,
1462,30/03/2025 23:56,SPHINCS+-128s,Video Streaming,40.37580502,77.3,0,8.422916667,30,3,3,0,0,11743.00697,4.180257209,50,TRUE,FALSE,6,0.496295686,0.103533718,2809.158954,
1463,30/03/2025 23:57,SPHINCS+-128s,Video Streaming,67.94865094,75.3,0,8.422916667,60,5,5,0,0,12796.4446,2.483952921,50,TRUE,FALSE,10,0.294904131,0.036556324,5151.645384,
1464,30/03/2025 23:58,SPHINCS+-128s,Video Streaming,66.56275473,76.8,0,8.422916667,60,5,5,0,0,12083.47925,2.420413273,50,TRUE,FALSE,10,0.287360468,0.036362877,4992.320685,
1465,30/03/2025 23:59,SPHINCS+-128s,Video Streaming,67.30294582,75.9,0,8.422916667,60,5,5,0,0,13480.14471,2.50778399,50,TRUE,FALSE,10,0.297733444,0.037261133,5375.321305,
1466,31/03/2025 00:00,SPHINCS+-128s,Video Streaming,15.65526666,72,0,8.422916667,10,0,0,0,0,12673.39708,10.78111627,100,TRUE,FALSE,0,1.279974229,0.688657466,1175.518078,
1467,31/03/2025 00:00,SPHINCS+-128s,Video Streaming,15.611764,72.3,0,8.422916667,10,0,0,0,0,12673.39708,10.81115817,100,TRUE,FALSE,0,1.283540916,0.692500743,1172.251565,
1468,31/03/2025 00:00,SPHINCS+-128s,Video Streaming,16.9808147,66.5,0,8.422916667,10,1,1,0,0,13244.93175,9.487729406,100,TRUE,FALSE,1,1.126418529,0.558732285,1396.006482,
1469,31/03/2025 00:01,SPHINCS+-128s,Video Streaming,42.80612676,72.9,0,8.422916667,30,3,3,0,0,13039.93385,0,100,TRUE,FALSE,3,0,0,0,
1470,31/03/2025 00:02,SPHINCS+-128s,Video Streaming,41.46591997,75.5,0,8.422916667,30,3,3,0,0,12489.49039,3.885344281,100,TRUE,FALSE,3,0.461282527,0.0936997,3214.513177,
1471,31/03/2025 00:02,SPHINCS+-128s,Video Streaming,41.78278297,74.6,0,8.422916667,30,0,0,0,0,12673.39708,3.855879469,100,TRUE,FALSE,0,0.457784354,0.092283931,3286.772105,
1472,31/03/2025 00:04,SPHINCS+-128s,Video Streaming,67.18545545,76.1,0,8.422916667,60,5,5,0,0,13044.93411,2.397979949,100,TRUE,FALSE,5,0.2846971,0.03569195,5439.967968,
1473,31/03/2025 00:05,SPHINCS+-128s,Video Streaming,66.62288388,77.6,0,8.422916667,60,5,5,0,0,12067.34044,2.418228777,100,TRUE,FALSE,5,0.287101116,0.03629727,4990.156661,
1474,31/03/2025 00:06,SPHINCS+-128s,Video Streaming,67.01761288,76.5,0,8.422916667,60,0,0,0,0,12673.39708,2.518461084,100,TRUE,FALSE,0,0.299001069,0.037579093,5032.198893,
1475,31/03/2025 00:06,SPHINCS+-128s,Video Streaming,16.83639864,67.4,0,8.422916667,10,1,1,0,0,13158.56228,10.02478343,200,TRUE,FALSE,0.5,1.190179581,0.595423264,1312.603147,
1476,31/03/2025 00:06,SPHINCS+-128s,Video Streaming,16.16807278,69.8,0,8.422916667,10,1,1,0,0,13036.32908,10.43916936,200,TRUE,FALSE,0.5,1.23937702,0.645665659,1248.789883,
1477,31/03/2025 00:07,SPHINCS+-128s,Video Streaming,16.61341867,68,0,8.422916667,10,1,1,0,0,12926.57656,9.697544992,200,TRUE,FALSE,0.5,1.151328616,0.583717607,1332.974126,
1478,31/03/2025 00:07,SPHINCS+-128s,Video Streaming,40.41604218,77.2,0,8.422916667,30,3,3,0,0,12346.73391,3.986272933,200,TRUE,FALSE,1.5,0.473265152,0.098630957,3097.312732,
1479,31/03/2025 00:08,SPHINCS+-128s,Video Streaming,40.9198193,76.3,0,8.422916667,30,3,3,0,0,12053.99497,4.124682192,200,TRUE,FALSE,1.5,0.489697614,0.10079913,2922.405754,
1480,31/03/2025 00:09,SPHINCS+-128s,Video Streaming,42.13245303,74.2,0,8.422916667,30,3,3,0,0,12643.44524,3.823878351,200,TRUE,FALSE,1.5,0.453985063,0.090758503,3306.445467,
1481,31/03/2025 00:10,SPHINCS+-128s,Video Streaming,67.60510927,75.9,0,8.422916667,60,5,5,0,0,12413.23443,2.383094662,200,TRUE,FALSE,2.5,0.282929863,0.035250215,5208.871736,
1482,31/03/2025 00:11,SPHINCS+-128s,Video Streaming,67.31831241,76,0,8.422916667,60,5,5,0,0,12673.39708,2.393247383,200,TRUE,FALSE,2.5,0.284135232,0.035551209,5295.481432,
1483,31/03/2025 00:12,SPHINCS+-128s,Video Streaming,64.94898832,78.7,0,8.422916667,60,5,5,0,0,12327.43173,2.598674042,200,TRUE,FALSE,2.5,0.308524249,0.040011001,4743.739126,
1484,31/03/2025 00:12,SPHINCS+-128s,File Transfer,13.70437674,81.8,0,8.422916667,10,1,1,0,0,9827.094167,0.559812033,20,TRUE,FALSE,5,0.066462967,0.040849142,17554.27463,
1485,31/03/2025 00:13,SPHINCS+-128s,File Transfer,14.18630766,78,0,8.422916667,10,1,1,0,0,9739.196669,1.081588696,20,TRUE,FALSE,5,0.128410234,0.076241734,9004.528898,
1486,31/03/2025 00:13,SPHINCS+-128s,File Transfer,23.2054265,90.1,0,8.422916667,10,2,2,0,0,9785.692799,1.322427752,20,TRUE,FALSE,10,0.157003542,0.056987867,7399.79389,
1487,31/03/2025 00:14,SPHINCS+-128s,File Transfer,43.01949177,94.1,0,8.422916667,30,4,4,0,0,9739.196669,1.426678872,20,TRUE,FALSE,20,0.169380623,0.033163545,6826.48132,
1488,31/03/2025 00:15,SPHINCS+-128s,File Transfer,43.11646245,93.8,0,8.422916667,30,4,4,0,0,9747.022284,2.13520532,20,TRUE,FALSE,20,0.253499519,0.049521811,4564.911015,
1489,31/03/2025 00:15,SPHINCS+-128s,File Transfer,42.81748836,94.3,0,8.422916667,30,4,4,0,0,9714.035512,2.866819253,20,TRUE,FALSE,20,0.340359446,0.0669544,3388.43668,
1490,31/03/2025 00:17,SPHINCS+-128s,File Transfer,72.49849899,96.2,0,8.422916667,60,7,7,0,0,9726.72167,2.433886597,20,TRUE,FALSE,35,0.288960071,0.033571545,3996.374228,
1491,31/03/2025 00:18,SPHINCS+-128s,File Transfer,71.90096229,96.6,0,8.422916667,60,7,7,0,0,9735.42127,2.987616482,20,TRUE,FALSE,35,0.354700943,0.041551829,3258.591365,
1492,31/03/2025 00:19,SPHINCS+-128s,File Transfer,72.82107359,95.8,0,8.422916667,60,0,0,0,0,9739.196669,3.055219651,20,TRUE,FALSE,0,0.362727042,0.041955158,3187.723889,
1493,31/03/2025 00:19,SPHINCS+-128s,File Transfer,23.16902751,90,0,8.422916667,10,2,2,0,0,9717.912253,9.602663511,50,TRUE,FALSE,4,1.140063934,0.414461224,1012.001747,
1494,31/03/2025 00:20,SPHINCS+-128s,File Transfer,13.93776586,79.6,0,8.422916667,10,1,1,0,0,9783.380674,15.41226207,50,TRUE,FALSE,2,1.829801087,1.105791432,634.779024,
1495,31/03/2025 00:20,SPHINCS+-128s,File Transfer,13.57966036,81.9,0,8.422916667,10,1,1,0,0,9762.16581,15.8186946,50,TRUE,FALSE,2,1.878054269,1.164881461,617.1284077,
1496,31/03/2025 00:21,SPHINCS+-128s,File Transfer,43.00819054,93.9,0,8.422916667,30,4,4,0,0,9739.196669,4.994688158,50,TRUE,FALSE,8,0.592987958,0.116133418,1949.910857,
1497,31/03/2025 00:21,SPHINCS+-128s,File Transfer,42.65195368,94.6,0,8.422916667,30,4,4,0,0,9736.878782,4.856533104,50,TRUE,FALSE,8,0.576585676,0.113864259,2004.903204,
1498,31/03/2025 00:22,SPHINCS+-128s,File Transfer,42.67694301,94.6,0,8.422916667,30,4,4,0,0,9709.463021,4.853689379,50,TRUE,FALSE,8,0.576248059,0.113730953,2000.429418,
1499,31/03/2025 00:23,SPHINCS+-128s,File Transfer,71.9005779,96.8,0,8.422916667,60,7,7,0,0,9740.042863,2.987632454,50,TRUE,FALSE,14,0.354702839,0.041552273,3260.120853,
1500,31/03/2025 00:25,SPHINCS+-128s,File Transfer,72.56455426,95.8,0,8.422916667,60,7,7,0,0,9720.288196,2.960295177,50,TRUE,FALSE,14,0.351457256,0.040795333,3283.553705,
1501,31/03/2025 00:26,SPHINCS+-128s,File Transfer,72.46829095,96.3,0,8.422916667,60,7,7,0,0,9739.196669,3.070092755,50,TRUE,FALSE,14,0.364492833,0.042364636,3172.28092,
1502,31/03/2025 00:26,SPHINCS+-128s,File Transfer,23.01764764,90.5,0,8.422916667,10,2,2,0,0,9730.222504,9.665817223,100,TRUE,FALSE,2,1.147561778,0.419930715,1006.663201,
1503,31/03/2025 00:27,SPHINCS+-128s,File Transfer,23.11242154,90.3,0.12890625,8.422916667,10,2,2,0,0,9739.734642,9.626181947,100,TRUE,TRUE,2,1.14285613,0.416493872,1011.796234,
1504,31/03/2025 00:27,SPHINCS+-128s,File Transfer,13.51231151,82.1,0,8.422916667,10,1,1,0,0,9764.835644,15.89753906,100,TRUE,FALSE,1,1.887414976,1.17652254,614.2356755,
1505,31/03/2025 00:28,SPHINCS+-128s,File Transfer,33.6877673,90.9,0,8.422916667,30,3,3,0,0,9753.138078,6.37657278,100,TRUE,FALSE,3,0.757050441,0.189284518,1529.526662,
1506,31/03/2025 00:28,SPHINCS+-128s,File Transfer,43.09425701,94,0,8.422916667,30,4,4,0,0,9751.238279,4.806687465,100,TRUE,FALSE,4,0.570667817,0.111538933,2028.681571,
1507,31/03/2025 00:29,SPHINCS+-128s,File Transfer,43.25245364,93.6,0,8.422916667,30,4,4,0,0,9772.600212,4.966481249,100,TRUE,FALSE,4,0.589639129,0.114825422,1967.711086,
1508,31/03/2025 00:30,SPHINCS+-128s,File Transfer,73.33531238,94.6,0,8.422916667,60,7,7,0,0,9744.56588,2.82456866,100,TRUE,FALSE,7,0.335343299,0.038515806,3449.93061,
1509,31/03/2025 00:31,SPHINCS+-128s,File Transfer,73.05883968,95.2,0,8.422916667,60,7,7,0,0,9739.196669,2.940267063,100,TRUE,FALSE,7,0.349079444,0.040245192,3312.351042,
1510,31/03/2025 00:33,SPHINCS+-128s,File Transfer,71.74333593,96.8,0,8.422916667,60,7,7,0,0,9713.965371,3.101115555,100,TRUE,FALSE,7,0.368175975,0.043225137,3132.409999,
1511,31/03/2025 00:33,SPHINCS+-128s,File Transfer,23.03044677,89.8,0,8.422916667,10,2,2,0,0,9739.389054,9.327326656,200,TRUE,FALSE,1,1.107374918,0.404999814,1044.177974,
1512,31/03/2025 00:34,SPHINCS+-128s,File Transfer,23.09209047,89.6,0,8.422916667,10,2,2,0,0,9739.196669,9.302427613,200,TRUE,FALSE,1,1.104418811,0.402840428,1046.952159,
1513,31/03/2025 00:34,SPHINCS+-128s,File Transfer,22.83421058,90.4,0,8.422916667,10,2,2,0,0,9695.701821,9.407485282,200,TRUE,FALSE,1,1.116891649,0.411990826,1030.636938,
1514,31/03/2025 00:35,SPHINCS+-128s,File Transfer,43.04111134,93.7,0,8.422916667,30,4,4,0,0,9749.229227,4.990867878,200,TRUE,FALSE,2,0.592534401,0.115955832,1953.413608,
1515,31/03/2025 00:35,SPHINCS+-128s,File Transfer,42.79983171,93.5,0,8.422916667,30,4,4,0,0,9692.90687,5.019003379,200,TRUE,FALSE,2,0.595874752,0.117266895,1931.241352,
1516,31/03/2025 00:36,SPHINCS+-128s,File Transfer,43.12491796,93.1,0,8.422916667,30,4,4,0,0,9742.356377,4.981168897,200,TRUE,FALSE,2,0.591382901,0.115505585,1955.83739,
1517,31/03/2025 00:37,SPHINCS+-128s,File Transfer,71.53934183,96.7,0,8.422916667,60,7,7,0,0,9704.045448,3.002718427,200,TRUE,FALSE,3.5,0.356493902,0.041972967,3231.753387,
1518,31/03/2025 00:39,SPHINCS+-128s,File Transfer,71.55605143,96.7,0,8.422916667,60,7,7,0,0,9739.196669,3.00201724,200,TRUE,FALSE,3.5,0.356410654,0.041953366,3244.217435,
1519,31/03/2025 00:40,SPHINCS+-128s,File Transfer,72.0005105,96.1,0,8.422916667,60,7,7,0,0,9697.458034,3.090038855,200,TRUE,FALSE,3.5,0.366860908,0.042916902,3138.296471,
1520,31/03/2025 00:40,SPHINCS+-128s,VoIP,21.9716478,93.7,0,8.422916667,10,2,2,0,0,9680.761788,0.698343162,20,TRUE,FALSE,10,0.082909898,0.031783832,13862.47094,
1521,31/03/2025 00:41,SPHINCS+-128s,VoIP,22.03615178,93.5,0,8.422916667,10,2,2,0,0,9673.262997,1.392597959,20,TRUE,FALSE,10,0.16533441,0.063196059,6946.199321,
1522,31/03/2025 00:41,SPHINCS+-128s,VoIP,21.99020693,94,0,8.422916667,10,2,2,0,0,9697.781731,2.093261339,20,TRUE,FALSE,10,0.248519773,0.095190616,4632.857613,
1523,31/03/2025 00:42,SPHINCS+-128s,VoIP,41.95575849,95.1,0,8.422916667,30,4,4,0,0,9699.668862,1.828563057,20,TRUE,FALSE,20,0.217093808,0.043583125,5304.530694,
1524,31/03/2025 00:42,SPHINCS+-128s,VoIP,41.86844438,95.2,0,8.422916667,30,0,0,0,0,9620.992089,2.56532698,20,TRUE,FALSE,0,0.304565162,0.061271132,3750.396017,
1525,31/03/2025 00:43,SPHINCS+-128s,VoIP,41.3112833,96.4,0,8.422916667,30,4,4,0,0,9682.247705,3.34276108,20,TRUE,FALSE,20,0.396865031,0.080916418,2896.482122,
1526,31/03/2025 00:44,SPHINCS+-128s,VoIP,71.9936827,95.3,0,8.422916667,60,7,7,0,0,9628.851655,0,20,TRUE,FALSE,35,0,0,0,
1527,31/03/2025 00:46,SPHINCS+-128s,VoIP,71.57982023,95.7,0,8.422916667,60,7,7,0,0,9614.608873,3.108199689,20,TRUE,FALSE,35,0.36901703,0.043422848,3093.304754,
1528,31/03/2025 00:47,SPHINCS+-128s,VoIP,70.58862035,97.4,0,8.422916667,60,7,7,0,0,9648.960925,3.151844786,20,TRUE,FALSE,35,0.374198738,0.044650891,3061.369319,
1529,31/03/2025 00:47,SPHINCS+-128s,VoIP,12.84608796,82.9,0,8.422916667,10,1,1,0,0,9443.745253,17.31923179,50,TRUE,FALSE,2,2.056203626,1.348210587,545.2750657,
1530,31/03/2025 00:47,SPHINCS+-128s,VoIP,21.62709424,94.6,0,8.422916667,10,2,2,0,0,9637.144694,10.28729854,50,TRUE,FALSE,4,1.221346351,0.475667162,936.8003326,
1531,31/03/2025 00:48,SPHINCS+-128s,VoIP,12.82557109,83.7,0,8.422916667,10,1,1,0,0,9495.658337,17.3469371,50,TRUE,FALSE,2,2.059492903,1.352527461,547.3968276,
1532,31/03/2025 00:48,SPHINCS+-128s,VoIP,32.42993741,92.1,0,8.422916667,30,3,3,0,0,9641.954823,6.623894992,50,TRUE,FALSE,6,0.786413454,0.204252475,1455.632197,
1533,31/03/2025 00:49,SPHINCS+-128s,VoIP,41.87635664,94.4,0,8.422916667,30,4,4,0,0,9635.960263,5.129684558,50,TRUE,FALSE,8,0.609015233,0.122495961,1878.470334,
1534,31/03/2025 00:50,SPHINCS+-128s,VoIP,41.60555089,95.4,0,8.422916667,30,4,4,0,0,9628.623777,5.163073086,50,TRUE,FALSE,8,0.612979243,0.124095775,1864.9017,
1535,31/03/2025 00:51,SPHINCS+-128s,VoIP,71.28012319,96.8,0,8.422916667,60,7,7,0,0,9673.422366,3.01363817,50,TRUE,FALSE,14,0.357790334,0.042278801,3209.881817,
1536,31/03/2025 00:52,SPHINCS+-128s,VoIP,70.27652431,97.7,0,8.422916667,60,7,7,0,0,9648.701643,3.056675072,50,TRUE,FALSE,14,0.362899835,0.043494967,3156.600363,
1537,31/03/2025 00:53,SPHINCS+-128s,VoIP,70.58702589,97.1,0,8.422916667,60,7,7,0,0,9673.468717,3.151915982,50,TRUE,FALSE,14,0.374207191,0.044652908,3069.07569,
1538,31/03/2025 00:54,SPHINCS+-128s,VoIP,21.88212865,93.8,0,8.422916667,10,2,2,0,0,9663.572713,0,100,TRUE,FALSE,2,0,0,0,
1539,31/03/2025 00:54,SPHINCS+-128s,VoIP,21.94475618,93.2,0,8.422916667,10,2,2,0,0,9651.255771,10.13838446,100,TRUE,FALSE,2,1.203666718,0.461995767,951.9520402,
1540,31/03/2025 00:54,SPHINCS+-128s,VoIP,12.42529637,86.4,0,8.422916667,10,0,0,0,0,9620.992089,17.90576002,100,TRUE,FALSE,0,2.125838439,1.441073073,537.3126903,
1541,31/03/2025 00:55,SPHINCS+-128s,VoIP,41.83616274,94.9,0,8.422916667,30,4,4,0,0,9681.890826,5.31799191,100,TRUE,FALSE,4,0.631371783,0.127114715,1820.591492,
1542,31/03/2025 00:56,SPHINCS+-128s,VoIP,41.13984765,96.6,0,8.422916667,30,4,4,0,0,9615.42973,5.408001919,100,TRUE,FALSE,4,0.642058106,0.131454107,1778.000429,
1543,31/03/2025 00:56,SPHINCS+-128s,VoIP,41.74716337,95.2,0,8.422916667,30,4,4,0,0,9655.182871,5.329329158,100,TRUE,FALSE,4,0.632717783,0.127657276,1811.706987,
1544,31/03/2025 00:58,SPHINCS+-128s,VoIP,70.0593998,98.2,0,8.422916667,60,7,7,0,0,9643.626337,3.175653455,100,TRUE,FALSE,7,0.377025392,0.045328014,3036.737627,
1545,31/03/2025 00:59,SPHINCS+-128s,VoIP,70.41784014,97.5,0,8.422916667,60,7,7,0,0,9615.501046,3.159488768,100,TRUE,FALSE,7,0.37510626,0.044867732,3043.372442,
1546,31/03/2025 01:00,SPHINCS+-128s,VoIP,70.34354969,97.7,0,8.422916667,60,7,7,0,0,9653.122933,3.271888482,100,TRUE,FALSE,7,0.388450772,0.046512985,2950.3215,
1547,31/03/2025 01:00,SPHINCS+-128s,VoIP,12.47031672,86,0,8.422916667,10,1,1,0,0,9496.509964,17.84111663,200,TRUE,FALSE,0.5,2.118163735,1.430686728,532.2822647,
1548,31/03/2025 01:00,SPHINCS+-128s,VoIP,12.65560554,84.3,0,8.422916667,10,1,1,0,0,9449.048316,17.57990753,200,TRUE,FALSE,0.5,2.087152019,1.389100464,537.4913548,
1549,31/03/2025 01:01,SPHINCS+-128s,VoIP,12.42605226,86.2,0,8.422916667,10,1,1,0,0,9472.08661,17.9046708,200,TRUE,FALSE,0.5,2.125709123,1.440897755,529.0288057,
1550,31/03/2025 01:01,SPHINCS+-128s,VoIP,40.99302488,96.6,0,8.422916667,30,4,4,0,0,9603.381326,5.427371502,200,TRUE,FALSE,2,0.644357735,0.132397439,1769.435043,
1551,31/03/2025 01:02,SPHINCS+-128s,VoIP,32.69008085,91.3,0,8.422916667,30,3,3,0,0,9542.545136,6.805867995,200,TRUE,FALSE,1.5,0.808017966,0.208193673,1402.105528,
1552,31/03/2025 01:03,SPHINCS+-128s,VoIP,41.10061822,96.6,0,8.422916667,30,4,4,0,0,9629.272104,5.226502892,200,TRUE,FALSE,2,0.620509866,0.127163608,1842.392954,
1553,31/03/2025 01:04,SPHINCS+-128s,VoIP,70.4204832,97.7,0,8.422916667,60,7,7,0,0,9676.045288,3.050426385,200,TRUE,FALSE,3.5,0.362157968,0.043317317,3172.03042,
1554,31/03/2025 01:05,SPHINCS+-128s,VoIP,70.4870105,97.7,0,8.422916667,60,7,7,0,0,9633.310507,3.047547321,200,TRUE,FALSE,3.5,0.361816155,0.043235588,3161.004405,
1555,31/03/2025 01:06,SPHINCS+-128s,VoIP,70.32868493,97.6,0,8.422916667,60,7,7,0,0,9627.125122,3.163494031,200,TRUE,FALSE,3.5,0.37558178,0.044981561,3043.193705,
1556,31/03/2025 01:06,SPHINCS+-128s,Web Browsing,12.57572915,84.1,0,8.422916667,10,1,1,0,0,9339.621569,0.61005409,20,TRUE,FALSE,5,0.072427891,0.048510435,15309.49751,
1557,31/03/2025 01:07,SPHINCS+-128s,Web Browsing,12.60905611,83.5,0,8.422916667,10,1,1,0,0,9311.513479,1.216883315,20,TRUE,FALSE,5,0.144472914,0.096508676,7651.936192,
1558,31/03/2025 01:07,SPHINCS+-128s,Web Browsing,21.59197218,93.8,0,8.422916667,10,2,2,0,0,9644.375109,1.421245811,20,TRUE,FALSE,10,0.16873559,0.065822881,6785.860007,
1559,31/03/2025 01:08,SPHINCS+-128s,Web Browsing,41.38203718,95.8,0,8.422916667,30,4,4,0,0,9637.736207,1.48313143,20,TRUE,FALSE,20,0.176082881,0.035839981,6498.234757,
1560,31/03/2025 01:08,SPHINCS+-128s,Web Browsing,40.80678487,97.1,0,8.422916667,30,4,4,0,0,9636.360564,2.25605865,20,TRUE,FALSE,20,0.267847675,0.055286361,4271.325377,
1561,31/03/2025 01:09,SPHINCS+-128s,Web Browsing,41.66386086,95,0,8.422916667,30,4,4,0,0,9629.878706,2.946198395,20,TRUE,FALSE,20,0.349783633,0.070713523,3268.577813,
1562,31/03/2025 01:10,SPHINCS+-128s,Web Browsing,70.49290117,97.5,0,8.422916667,60,7,7,0,0,9666.083537,2.503133253,20,TRUE,FALSE,35,0.297181291,0.035509012,3861.593675,
1563,31/03/2025 01:12,SPHINCS+-128s,Web Browsing,70.11228577,97.8,0,8.422916667,60,7,7,0,0,9630.411891,3.173258047,20,TRUE,FALSE,35,0.376741,0.045259658,3034.865664,
1564,31/03/2025 01:13,SPHINCS+-128s,Web Browsing,69.998899,97.9,0,8.422916667,60,7,7,0,0,9661.688096,3.287998144,20,TRUE,FALSE,35,0.390363371,0.046972141,2938.471274,
1565,31/03/2025 01:13,SPHINCS+-128s,Web Browsing,21.70861504,93.7,0,8.422916667,10,2,2,0,0,9677.097917,10.60206971,50,TRUE,FALSE,4,1.258717156,0.488380751,912.7555451,
1566,31/03/2025 01:13,SPHINCS+-128s,Web Browsing,12.48569766,85,0,8.422916667,10,0,0,0,0,9582.803122,17.81913843,50,TRUE,FALSE,0,2.115554402,1.427164017,537.7815072,
1567,31/03/2025 01:14,SPHINCS+-128s,Web Browsing,21.83014488,92.2,0,8.422916667,10,2,2,0,0,9553.15022,10.19161239,50,TRUE,FALSE,4,1.209986136,0.466859585,937.354155,
1568,31/03/2025 01:14,SPHINCS+-128s,Web Browsing,40.94526522,96.7,0,8.422916667,30,4,4,0,0,9672.211692,5.433702134,50,TRUE,FALSE,8,0.645109331,0.132706483,1780.040837,
1569,31/03/2025 01:15,SPHINCS+-128s,Web Browsing,41.5109533,95,0,8.422916667,30,4,4,0,0,9633.281162,5.359654677,50,TRUE,FALSE,8,0.636318141,0.129114228,1797.369745,
1570,31/03/2025 01:16,SPHINCS+-128s,Web Browsing,41.39955954,95.4,0,8.422916667,30,4,4,0,0,9582.803122,5.374075895,50,TRUE,FALSE,8,0.638030282,0.129809978,1783.153664,
1571,31/03/2025 01:17,SPHINCS+-128s,Web Browsing,70.19311135,97.9,0,8.422916667,60,7,7,0,0,9670.831437,3.169604121,50,TRUE,FALSE,14,0.376307192,0.045155487,3051.116502,
1572,31/03/2025 01:18,SPHINCS+-128s,Web Browsing,70.53290828,97.7,0,8.422916667,60,7,7,0,0,9711.573258,3.154334345,50,TRUE,FALSE,14,0.374494308,0.044721456,3078.802751,
1573,31/03/2025 01:19,SPHINCS+-128s,Web Browsing,70.87875795,97.1,0.1640625,8.422916667,60,7,7,0,0,9683.203414,3.138942914,50,TRUE,TRUE,14,0.37266698,0.044286088,3084.861267,
1574,31/03/2025 01:20,SPHINCS+-128s,Web Browsing,12.3415108,85.3,0,8.422916667,10,1,1,0,0,9310.966687,18.02732085,100,TRUE,FALSE,1,2.140270593,1.46070616,516.4919826,
1575,31/03/2025 01:20,SPHINCS+-128s,Web Browsing,21.82871024,92.5,0,8.422916667,10,2,2,0,0,9625.346669,10.19228221,100,TRUE,FALSE,2,1.210065659,0.466920954,944.3759965,
1576,31/03/2025 01:20,SPHINCS+-128s,Web Browsing,12.29735064,85.1,0,8.422916667,10,1,1,0,0,9269.74005,18.09205751,100,TRUE,FALSE,1,2.14795637,1.471215877,512.365166,
1577,31/03/2025 01:21,SPHINCS+-128s,Web Browsing,40.86705049,96.7,0,8.422916667,30,4,4,0,0,9612.07533,5.444101601,100,TRUE,FALSE,4,0.646343994,0.133214938,1765.594406,
1578,31/03/2025 01:22,SPHINCS+-128s,Web Browsing,41.29143062,95.4,0,8.422916667,30,4,4,0,0,9582.803122,5.388148864,100,TRUE,FALSE,4,0.639701077,0.130490729,1778.496356,
1579,31/03/2025 01:22,SPHINCS+-128s,Web Browsing,41.40200079,94.9,0,8.422916667,30,4,4,0,0,9589.646615,5.373759016,100,TRUE,FALSE,4,0.637992661,0.12979467,1784.532315,
1580,31/03/2025 01:24,SPHINCS+-128s,Web Browsing,69.69262987,98.2,0,8.422916667,60,7,7,0,0,9596.365908,3.192365899,100,TRUE,FALSE,7,0.379009555,0.045806363,3006.035715,
1581,31/03/2025 01:25,SPHINCS+-128s,Web Browsing,70.53977418,97.1,0,8.422916667,60,7,7,0,0,9637.850107,3.154027321,100,TRUE,FALSE,7,0.374457857,0.04471275,3055.728162,
1582,31/03/2025 01:26,SPHINCS+-128s,Web Browsing,70.02124177,98.1,0,8.422916667,60,7,7,0,0,9582.803122,3.286948991,100,TRUE,FALSE,7,0.390238812,0.046942169,2915.409746,
1583,31/03/2025 01:26,SPHINCS+-128s,Web Browsing,21.79164379,93.8,0,8.422916667,10,2,2,0,0,9648.297474,10.56167457,200,TRUE,FALSE,1,1.253921294,0.484666263,913.5196706,
1584,31/03/2025 01:27,SPHINCS+-128s,Web Browsing,12.51205706,85.1,0,8.422916667,10,1,1,0,0,9582.803122,17.7815985,200,TRUE,FALSE,0.5,2.111097522,1.421157082,538.916854,
1585,31/03/2025 01:27,SPHINCS+-128s,Web Browsing,12.35054506,85.7,0,8.422916667,10,1,1,0,0,9355.208635,18.01413411,200,TRUE,FALSE,0.5,2.138705014,1.458569968,519.3260235,
1586,31/03/2025 01:28,SPHINCS+-128s,Web Browsing,41.03217814,96.6,0,8.422916667,30,4,4,0,0,9705.891403,5.422192657,200,TRUE,FALSE,2,0.643742883,0.13214489,1790.030716,
1587,31/03/2025 01:28,SPHINCS+-128s,Web Browsing,41.54397071,95.1,0,8.422916667,30,4,4,0,0,9582.803122,5.355395048,200,TRUE,FALSE,2,0.635812422,0.12890908,1789.373713,
1588,31/03/2025 01:29,SPHINCS+-128s,Web Browsing,40.96886101,96.4,0.12890625,8.422916667,30,4,4,0,0,9605.533634,5.430572623,200,TRUE,TRUE,2,0.644737784,0.132553664,1768.788358,
1589,31/03/2025 01:30,SPHINCS+-128s,Web Browsing,70.26435423,97.2,0,8.422916667,60,7,7,0,0,9602.812624,0,200,TRUE,FALSE,3.5,0,0,0,
1590,31/03/2025 01:31,SPHINCS+-128s,Web Browsing,70.35948602,96.8,0,8.422916667,60,7,7,0,0,9528.136049,3.162109157,200,TRUE,FALSE,3.5,0.375417362,0.044942187,3013.221738,
1591,31/03/2025 01:33,SPHINCS+-128s,Web Browsing,70.32246161,97.5,0,8.422916667,60,7,7,0,0,9637.204207,3.272869646,200,TRUE,FALSE,3.5,0.388567259,0.046540886,2944.573188,
1604,31/03/2025 02:06,Kyber512,Video Streaming,17.73785201,4.7,0.015625,0,60,0,0,0,0,0,1.057061474,25,TRUE,TRUE,0,0.059593545,0,
1605,31/03/2025 02:06,Kyber512,File Transfer,7.928639395,14.5,0,4.7,60,25,25,0,0,1.626199002,2.364844593,25,TRUE,FALSE,100,0.503158424,0.298266131,0.687655759,
1606,31/03/2025 02:06,Kyber512,VoIP,7.937154295,16.3,0,9.6,30,25,25,0,0,1.851251996,2.362307611,25,TRUE,FALSE,100,0.246073709,0.29762652,0.783662546,
1607,31/03/2025 02:06,Kyber512,Web Browsing,15.10693013,17.9,0,11.83333333,60,100,100,0,0,1.581667999,0,100,TRUE,FALSE,100,0,0,0,
1608,31/03/2025 02:07,Dilithium2,Video Streaming,10.56267881,7.9,0.015625,13.35,60,25,25,0,0,4.551147998,0,25,TRUE,TRUE,100,0,0,0,
1609,31/03/2025 02:07,Dilithium2,File Transfer,6.965210286,11.6,0,7.9,60,25,25,0,0,8.228651001,8.482447597,25,TRUE,FALSE,100,1.073727544,1.217830797,0.970079792,
1610,31/03/2025 02:07,Dilithium2,VoIP,2.625084419,36.2,0,9.75,30,25,25,0,0,5.650211999,22.50671667,25,TRUE,FALSE,100,2.308381197,8.573711575,0.251045591,
1611,31/03/2025 02:08,Dilithium2,Web Browsing,26.56830491,11.8,0,18.56666667,60,100,100,0,0,0,8.895114906,100,TRUE,FALSE,100,0.479090569,0.334801747,0,
1612,31/03/2025 02:09,SPHINCS+-128s,Video Streaming,69.6481142,73,0.015625,16.875,60,0,0,0,0,0,0.550759707,25,TRUE,TRUE,0,0.032637612,0.007907748,0,
1613,31/03/2025 02:10,SPHINCS+-128s,File Transfer,71.46439967,96.5,0,16.875,60,7,7,0,0,9511.115418,0.751466818,25,TRUE,FALSE,28,0.044531367,0.010515261,12656.73373,
1614,31/03/2025 02:11,SPHINCS+-128s,VoIP,32.53784244,94.4,0,16.875,30,3,3,0,0,9674.222965,0.707349451,25,TRUE,FALSE,12,0.041917005,0.021739286,13676.72364,
1615,31/03/2025 02:12,SPHINCS+-128s,Web Browsing,69.39217303,97.5,0,16.875,60,7,7,0,0,9331.468322,0.773907527,100,TRUE,FALSE,7,0.045861187,0.011152663,12057.6012,
1616,31/03/2025 02:18,Kyber512,Video Streaming,8.692085703,14.5,0.078125,16.875,60,25,25,0,0,10.403294,2.157134736,25,TRUE,TRUE,100,0.127830207,0.248172281,4.822737229,
1617,31/03/2025 02:18,Kyber512,File Transfer,6.352928077,26.1,0.046875,16.875,60,25,25,0,0,1.791781997,2.951394975,25,TRUE,TRUE,100,0.17489748,0.464572389,0.607096648,
1618,31/03/2025 02:18,Kyber512,VoIP,7.639564671,20.2,0.0625,16.875,30,25,25,0,0,1.763707998,2.45432833,25,TRUE,TRUE,100,0.145441679,0.321265469,0.71861127,
1619,31/03/2025 02:19,Kyber512,Web Browsing,27.1519174,11.2,0,16.875,60,100,100,0,0,0,2.762235863,100,TRUE,FALSE,100,0.163688051,0.101732626,0,
1620,31/03/2025 02:25,Dilithium2,Video Streaming,10.78059882,8.4,0.078125,16.875,60,0,0,0,0,0,5.480403474,25,TRUE,TRUE,0,0.32476465,0.508357983,0,
1621,31/03/2025 02:26,Dilithium2,File Transfer,13.90175802,6.3,0.109375,15.18,60,25,25,0,0,5.412415998,4.249968325,25,TRUE,TRUE,100,0.279971563,0.305714451,1.273519138,
1622,31/03/2025 02:26,Dilithium2,VoIP,9.106689187,10.8,0,13.7,30,25,25,0,0,4.797152,6.487761912,25,TRUE,FALSE,100,0.473559264,0.712417189,0.739415543,
1623,31/03/2025 02:26,Dilithium2,Web Browsing,21.59757332,17.5,0,13.28571429,60,100,100,0,0,10.479516,10.94234623,100,TRUE,FALSE,100,0.823617458,0.506647023,0.957702834,
1624,31/03/2025 02:30,SPHINCS+-128s,Video Streaming,67.10898341,75.5,0.015625,13.8125,60,0,0,0,0,0,0.571598213,25,TRUE,TRUE,0,0.041382676,0.008517462,0,
1625,31/03/2025 02:31,SPHINCS+-128s,File Transfer,70.68600224,96.5,0,13.8125,60,7,7,0,0,9276.816364,0.759742004,25,TRUE,FALSE,28,0.055003946,0.010748125,12210.48239,
1626,31/03/2025 02:32,SPHINCS+-128s,VoIP,40.43367892,95.2,0,13.8125,30,4,4,0,0,9316.903336,0.758958888,25,TRUE,FALSE,16,0.05494725,0.018770463,12275.89989,
1627,31/03/2025 02:33,SPHINCS+-128s,Web Browsing,68.14117251,97.5,0,13.8125,60,7,7,0,0,9379.255965,0.788115658,100,TRUE,FALSE,7,0.057058147,0.011565925,11900.86236,
1628,31/03/2025 15:41,SPHINCS+-128s,Web Browsing,36.54050436,94.8,0.171875,13.8125,30,4,4,0,0,8330.516448,0.839821468,50,TRUE,TRUE,8,0.060801554,0.022983303,9919.389738,
1629,31/03/2025 15:45,SPHINCS+-128s,Web Browsing,69.51688575,98.1,0.0625,13.8125,60,8,8,0,0,8383.348539,1.324318531,50,TRUE,TRUE,16,0.095878265,0.019050314,6330.311284,
1630,31/03/2025 15:46,SPHINCS+-128s,Web Browsing,69.78783935,97.5,0.109375,13.8125,60,8,8,0,0,8352.879064,1.758902427,50,TRUE,TRUE,16,0.127341352,0.025203566,4748.915537,
1631,31/03/2025 15:51,SPHINCS+-128s,Web Browsing,70.16307296,97.1,0.15625,13.8125,60,8,8,0,0,8405.058266,1.202778348,50,TRUE,TRUE,16,0.087078975,0.017142612,6988.035891,
1632,31/03/2025 15:53,SPHINCS+-128s,Web Browsing,70.8909538,97.8,0.20703125,13.8125,60,8,8,0,0,8703.721023,1.731532635,50,TRUE,TRUE,16,0.125359829,0.024425297,5026.59947,
1633,31/03/2025 15:55,SPHINCS+-128s,Web Browsing,70.16563237,98.2,0.1875,13.8125,60,8,8,0,0,8636.551367,2.514808447,50,TRUE,TRUE,16,0.18206758,0.035841029,3434.278017,
1634,31/03/2025 15:56,SPHINCS+-128s,Web Browsing,63.61300501,97.3,0.015625,13.8125,60,7,7,0,0,8871.625672,2.773853003,50,TRUE,TRUE,14,0.200821937,0.043605125,3198.304186,
1635,31/03/2025 15:58,SPHINCS+-128s,Web Browsing,66.22037695,96.6,0.12109375,13.8125,60,7,7,0,0,9199.35807,2.664634862,50,TRUE,TRUE,14,0.192914741,0.040238896,3452.389744,
1636,31/03/2025 15:59,SPHINCS+-128s,Web Browsing,66.06595473,97.3,0.046875,13.8125,60,7,7,0,0,9176.395147,3.367610079,50,TRUE,TRUE,14,0.243808874,0.050973457,2724.89835,
1637,31/03/2025 16:01,SPHINCS+-128s,Web Browsing,65.09203232,97.7,0.015625,13.8125,60,7,7,0,0,9170.933308,3.300135091,50,TRUE,TRUE,14,0.238923807,0.050699525,2778.956938,
1638,31/03/2025 16:02,SPHINCS+-128s,Web Browsing,67.03941168,98.1,0.015625,13.8125,60,7,7,0,0,9387.687887,3.089833574,50,TRUE,TRUE,14,0.223698358,0.046089807,3038.250333,
1639,31/03/2025 16:03,SPHINCS+-128s,VoIP,68.54765024,97.4,0.015625,13.8125,60,7,7,0,0,9420.805327,0.783442245,50,TRUE,TRUE,14,0.056719801,0.011429163,12024.8881,
1640,31/03/2025 16:05,SPHINCS+-128s,VoIP,66.90166841,96.8,0.015625,13.8125,60,7,7,0,0,9419.012787,1.605434551,50,TRUE,TRUE,14,0.116230556,0.023996928,5866.955324,
1641,31/03/2025 16:07,SPHINCS+-128s,VoIP,66.94274913,96.4,0.015625,13.8125,60,7,7,0,0,9300.313768,2.406674018,50,TRUE,TRUE,14,0.174238843,0.035951228,3864.384499,
1642,31/03/2025 16:10,SPHINCS+-128s,VoIP,63.95553493,97.1,0.015625,13.8125,60,7,7,0,0,8934.409119,2.159214994,50,TRUE,TRUE,14,0.156323258,0.03376119,4137.804314,
1643,31/03/2025 16:11,SPHINCS+-128s,VoIP,67.48077521,97.3,0.015625,13.8125,60,7,7,0,0,,2.273795752,50,TRUE,TRUE,14,0.164618697,0.03369546,0,
1644,31/03/2025 16:12,SPHINCS+-128s,VoIP,69.19990194,97.5,0.015625,13.8125,60,7,7,0,0,9617.262278,2.328173458,50,TRUE,TRUE,14,0.168555544,0.033644173,4130.818623,
1645,31/03/2025 16:13,SPHINCS+-128s,VoIP,69.36680564,98.1,0.015625,13.8125,60,7,7,0,0,9574.523232,3.096762176,50,TRUE,TRUE,14,0.224199977,0.044643286,3091.785125,
1646,31/03/2025 16:15,SPHINCS+-128s,VoIP,68.09161316,97.6,0.015625,13.8125,60,7,7,0,0,9667.942208,3.154757099,50,TRUE,TRUE,14,0.228398704,0.046331067,3064.559934,
1647,31/03/2025 16:16,SPHINCS+-128s,VoIP,69.77113769,98.2,0.015625,13.8125,60,7,7,0,0,9577.259829,3.078816071,50,TRUE,TRUE,14,0.222900711,0.044127359,3110.695673,
1648,31/03/2025 16:18,SPHINCS+-128s,VoIP,68.82490219,98.1,0.015625,13.8125,60,7,7,0,0,9611.203411,2.89820608,50,TRUE,TRUE,14,0.209824875,0.042109847,3316.259488,
1649,31/03/2025 16:19,SPHINCS+-128s,VoIP,69.4497851,97.7,0.015625,13.8125,60,7,7,0,0,9619.285493,3.093062127,50,TRUE,TRUE,14,0.2239321,0.04453667,3109.955474,
1650,31/03/2025 16:20,SPHINCS+-128s,VoIP,69.55751268,97.6,0.015625,13.8125,60,7,7,0,0,9574.740887,2.867680892,50,TRUE,TRUE,14,0.207614906,0.041227479,3338.844609,
1651,31/03/2025 16:29,SPHINCS+-128s,VoIP,62.64273468,96.3,0.015625,13.8125,60,7,7,0,0,0,0.857292155,50,TRUE,TRUE,14,0.0620664,0.01368542,0,
1652,31/03/2025 16:30,SPHINCS+-128s,VoIP,66.81941629,96.7,0.046875,13.8125,60,7,7,0,0,9380.568193,1.607410779,50,TRUE,TRUE,14,0.116373631,0.024056043,5835.825114,
1653,31/03/2025 16:32,SPHINCS+-128s,File Transfer,68.03304391,96.3,0.046875,13.8125,60,7,7,0,0,9219.947468,0.789368253,50,TRUE,TRUE,14,0.057148833,0.011602718,11680.15997,
1654,31/03/2025 16:33,SPHINCS+-128s,File Transfer,69.10344402,96.2,0.015625,13.8125,60,7,7,0,0,9462.434483,1.554282157,50,TRUE,TRUE,14,0.112527215,0.022492108,6087.977297,
1655,31/03/2025 16:34,SPHINCS+-128s,File Transfer,69.15529504,94.4,0.015625,13.8125,60,7,7,0,0,9353.926648,2.329675188,50,TRUE,TRUE,14,0.168664267,0.033687589,4015.120517,
1656,31/03/2025 16:40,SPHINCS+-128s,File Transfer,63.40921532,94.9,0.046875,13.8125,60,7,7,0,0,8577.390402,0.846929342,50,TRUE,TRUE,14,0.061316151,0.013356566,10127.634,
1657,31/03/2025 16:41,SPHINCS+-128s,File Transfer,66.55196642,96.3,0.05078125,13.8125,60,7,7,0,0,9266.404561,1.61387042,50,TRUE,TRUE,14,0.116841297,0.024249778,5741.727741,
1658,31/03/2025 16:42,SPHINCS+-128s,File Transfer,68.73741708,96.6,0.015625,13.8125,60,7,7,0,0,9399.811974,2.34383807,50,TRUE,TRUE,14,0.169689634,0.034098431,4010.435744,
1659,31/03/2025 16:44,SPHINCS+-128s,File Transfer,70.08376055,95,0.0625,13.8125,60,7,7,0,0,9411.184088,3.065082386,50,TRUE,TRUE,14,0.221906417,0.043734559,3070.450612,
1660,31/03/2025 16:45,SPHINCS+-128s,File Transfer,71.29097285,96,0.046875,13.8125,60,7,7,0,0,9572.332049,3.120793084,50,TRUE,TRUE,14,0.225939771,0.043775431,3067.275463,
1661,31/03/2025 16:50,SPHINCS+-128s,File Transfer,64.80177734,96.2,0.1875,13.8125,60,7,7,0,0,9034.714924,0.828729199,50,TRUE,TRUE,14,0.059998494,0.01278868,10901.89044,
1662,31/03/2025 16:51,SPHINCS+-128s,File Transfer,66.50702228,96.2,0.015625,13.8125,60,7,7,0,0,9224.322961,1.614961042,50,TRUE,TRUE,14,0.116920256,0.024282564,5711.792868,
1663,31/03/2025 16:53,SPHINCS+-128s,File Transfer,68.90716488,96.2,0.046875,13.8125,60,7,7,0,0,9517.523395,2.338064195,50,TRUE,TRUE,14,0.169271616,0.03393064,4070.685234,
1664,31/03/2025 16:54,SPHINCS+-128s,File Transfer,67.78646822,96.7,0.0625,13.8125,60,7,7,0,0,9386.8006,2.829427171,50,TRUE,TRUE,14,0.204845406,0.041740295,3317.56219,
1665,31/03/2025 16:56,SPHINCS+-128s,File Transfer,72.44854344,96.3,0.015625,13.8125,60,7,7,0,0,9634.736174,2.753247209,50,TRUE,TRUE,14,0.199330115,0.038002796,3499.408314,
1666,31/03/2025 16:57,SPHINCS+-128s,File Transfer,70.90014196,96.6,0.015625,13.8125,60,7,7,0,0,9667.06039,2.81337589,50,TRUE,TRUE,14,0.203683322,0.039680822,3436.106929,
1667,31/03/2025 17:00,SPHINCS+-128s,Video Streaming,62.57279962,79,0.09375,13.8125,60,5,5,0,0,12340.41132,0.61303594,50,TRUE,TRUE,10,0.044382692,0.009797163,20129.9965,
1668,31/03/2025 17:02,SPHINCS+-128s,Video Streaming,67.30378881,75.8,0.0625,13.8125,60,5,5,0,0,12895.72208,1.139887536,50,TRUE,TRUE,10,0.082525794,0.016936454,11313.15298,
1669,31/03/2025 17:03,SPHINCS+-128s,Video Streaming,68.15009684,75.5,0.015625,13.8125,60,5,5,0,0,13370.82737,1.688598114,50,TRUE,TRUE,10,0.122251447,0.024777633,7918.300546,
1670,31/03/2025 17:05,SPHINCS+-128s,Video Streaming,65.13236269,78.2,0.171875,13.8125,60,5,5,0,0,12352.49785,1.7668348,50,TRUE,TRUE,10,0.127915642,0.027126834,6991.314555,
1671,31/03/2025 17:07,SPHINCS+-128s,Video Streaming,68.83195266,74.8,0.046875,13.8125,60,5,5,0,0,0,2.006244842,50,TRUE,TRUE,10,0.145248495,0.029146999,0,
1672,31/03/2025 17:08,SPHINCS+-128s,Video Streaming,65.19556804,78.4,0.015625,13.8125,60,5,5,0,0,12400.2533,2.118146281,50,TRUE,TRUE,10,0.153349957,0.032489115,5854.295054,
1673,31/03/2025 17:09,SPHINCS+-128s,Video Streaming,66.26523937,76.9,0.125,13.8125,60,5,5,0,0,12747.57303,2.315505104,50,TRUE,TRUE,10,0.167638379,0.034942983,5505.309836,
1674,31/03/2025 17:11,SPHINCS+-128s,Video Streaming,66.91459631,76.4,0.046875,13.8125,60,5,5,0,0,12693.19016,2.063731347,50,TRUE,TRUE,10,0.149410414,0.030841273,6150.602006,
1675,31/03/2025 17:12,SPHINCS+-128s,Video Streaming,66.71485201,76.5,0.03125,13.8125,60,5,5,0,0,12890.50936,2.06991016,50,TRUE,TRUE,10,0.149857749,0.031026227,6227.569489,
1676,31/03/2025 17:14,SPHINCS+-128s,Video Streaming,66.60204469,77.4,0.078125,13.8125,60,5,5,0,0,12983.56877,2.188605855,50,TRUE,TRUE,10,0.158451103,0.032860941,5932.346721,
1677,31/03/2025 17:15,SPHINCS+-128s,Video Streaming,73.35809569,70.2,0.03125,13.8125,60,5,5,0,0,12730.97601,2.09162327,50,TRUE,TRUE,10,0.151429739,0.028512508,6086.648675,
1678,31/03/2025 17:16,SPHINCS+-128s,Video Streaming,64.98693996,78.6,0.03125,13.8125,60,5,5,0,0,12705.13852,2.47910388,50,TRUE,TRUE,10,0.179482634,0.038147724,5124.891548,
1679,31/03/2025 17:19,SPHINCS+-128s,Video Streaming,66.64243156,76.6,0.1875,13.8125,60,5,5,0,0,12708.04384,1.726799613,50,TRUE,TRUE,10,0.125017167,0.025911414,7359.304314,
1680,31/03/2025 17:20,SPHINCS+-128s,Video Streaming,67.16982826,76.7,0.109375,13.8125,60,5,5,0,0,13680.90831,1.484809141,50,TRUE,TRUE,10,0.107497494,0.022105299,9213.91708,
1681,31/03/2025 17:22,SPHINCS+-128s,Video Streaming,65.65572204,77.6,0.140625,13.8125,60,5,5,0,0,0,1.752750886,50,TRUE,TRUE,10,0.126895992,0.026696087,0,
1682,31/03/2025 17:23,SPHINCS+-128s,Video Streaming,69.231113,74.4,0.125,13.8125,60,5,5,0,0,13301.64403,1.994677595,50,TRUE,TRUE,10,0.144411048,0.028811867,6668.568424,